"Product Code","Product Name",Variant,Expected,Counted
00148321,"OtterBox - Symmetry Clear Case for Samsung Galaxy S10 Plus - Love Triangle",,1.0000,
00155797,"OtterBox - Commuter Case for Apple iPhone 8 Plus / 7 Plus - Ocean Way",,0.0000,
00226577,"Amazon fire TV stick with KODI",,-2.0000,
00369125,"Logitech® M325 Wireless Mouse",,9.0000,
00460948,"Samsung Galaxy Note 8 64GB Refurbished",,-1.0000,
00481314,"IPHONE 8 PLUS CHARGING PORT",,-6.0000,
00734850,"INCIPIO Desktop Charging",,-4.0000,
00978939,"Galaxy s9 plus back glass",,-1.0000,
01004546,"Dell Latitude E6440 Laptop",,1.0000,
01152822,"Galaxy A32 128GB",,-1.0000,
01465085,"mophie - Power Boost Power Bank 2,600 mAh - Black",,5.0000,
01536489,"iPad 2",,-2.0000,
01635200,"apple watch series 2 battery",,-1.0000,
01673539,"Alcatel Lumos",,-2.0000,
01755132,"3.5 AUX with Mic",,-3.0000,
01917102,"iPad Mini 2 Wifi (16GB) Refurbished",,-3.0000,
01958538,"iPhone Headphone (BL)",,-28.0000,
02069326,"Iphone 8 plus back housing",,-4.0000,
02145705,"iPad Mini 3 Digitizer",,-4.0000,
02221831,"galaxy J737 lcd",,-14.0000,
02426923,"Samsung Galaxy A7",,-1.0000,
02439863,"Sony PS$ Refurbished",,-1.0000,
02888147,"Samsung S9 Plus Battery",,2.0000,
02900482,"Fashinoable Bluetooth Headset",,-4.0000,
03091048,"iPad Power Adap OEM",,-7.0000,
031262086303,"Tune In Sweat Resistant In-ear headphone - Gray and white",,1.0000,
031262087225,"Hang Up Bluetooth Speaker - Black and Blue",,1.0000,
031262087461,"Hangup Bluetooth Speaker - Black and Blue",,2.0000,
03192992,"Samsung J7 Battery",,-5.0000,
03344066,"OtterBox - Commuter Case for Samsung Galaxy S10 - Black",,2.0000,
033991058491,"SoundKase Extra Large Armband - Black",,2.0000,
03415678,"Aduro power up 8000",,0.0000,
03899978,"Amazon Cloud Cam",,-2.0000,
04085782,"Samsung Tab A6",,-1.0000,
04291121,"lg l57bl",,-1.0000,
04317385,"Tab A Cellular 8.0'",,3.0000,
04375090,"LG Fiesta LTE",,-1.0000,
04515524,"Lenovo Thinkpad Laptop",,-1.0000,
04544543,"Kazuna E talk",,-1.0000,
04624572,"LG MS210 LCD",,-2.0000,
04635667,"Samsung Gear VR",,-1.0000,
04798492,"OtterBox - Symmetry Clear Case for Samsung Galaxy S10 Plus - Stardust",,1.0000,
04918736,"Logitech Wireless Mouse (M325C)",,-9.0000,
050036353397,"JBL - Charge 4 water proof ",,2.0000,
050036353403,"JBL- Charge 4 Waterproof bluetooh Speaker - Blue",,-3.0000,
050036353632,"JBL- LIVE 400BT on ear Bluetooth Headphone-Black",,-1.0000,
050036353649,"JBL- LIVE 400BT on ear Bluetooth Headphone-Blue",,1.0000,
050036353670,"JBL- LIVE 400BT on ear Bluetooth Headphone-Red",,0.0000,
050036353687,"JBL - LIVE 500BT over ear Bluetooth Headphone - Black ",,0.0000,
050036353694,"JBL - LIVE 500BT over ear Bluetooth Headphone - Blue",,3.0000,
050036353724,"JBL - LIVE 500BT over ear Bluetooth Headphone - Red",,-1.0000,
050036354165,"Clip 3 Waterproof Bluetooth Speaker - Black",Blue,3.0000,
050036354165,"Clip 3 Waterproof Bluetooth Speaker - Black",Red,0.0000,
"050036354165 0","JBL - Clip 3 Waterproof Bluetooth Speaker - Blue",,1.0000,
050036354172,"Clip 3 Waterproof Bluetooth Speaker - Red",,4.0000,
050036354196,"JBL - Clip 3 Waterproof Bluetooth Speaker - Teal",,1.0000,
050036354288,"Go 2 Waterproof Bluetooth Speaker - Black",Black,0.0000,
050036354288,"Go 2 Waterproof Bluetooth Speaker - Black","Champagne Gold",0.0000,
050036354318,"JBL- Go 2 Waterproof speaker - Gray",,0.0000,
050036354325,"Go 2 Waterproof Bluetooth Speaker - Champagne Gold",,0.0000,
050036355469,"JBL T Series T110 In Ear Wired Headphones - Black",,51.0000,
050036355483,"JBL - T Series T110 Ear Wired Headphones - Blue",,26.0000,
050036355506,"T Series T110BT In Ear Bluetooth Headphones - Black",,1.0000,
050036355513,"T Series T110BT In Ear Bluetooth Headphones - White",,0.0000,
050036355520,"T Series T110BT In Ear Bluetooth Headphones - Blue",,-1.0000,
050036355568,"JBL - T Series T205 In Ear Wired Headphones - Black",,21.0000,
050036355582,"JBL - T Series T205 In Ear Wired Headphones - Rose Gold",,-4.0000,
050036355599,"JBL - T Series T205 In Ear Wired Headphones - Champagne Gold",,23.0000,
050036355674,"JBL-T Series T500BT on ear bluetooth Headphone - Black ",,0.0000,
050036355711,"JBL- T Series T600BTNC on Ear Headphone - Black",,0.0000,
050036355773,"Endurance Run Waterproof In Ear Wired Headphones - Black",,13.0000,
050036355780,"Endurance Run Waterproof In Ear Wired Headphones - Blue",,16.0000,
050036355797,"Endurance Run Waterproof In Ear Wired Headphones - Red",,11.0000,
050036358644,"T Series T205BT In Ear Bluetooth Headphones - Champagne Gold",,5.0000,
050036358668,"T Series T205BT In Ear Bluetooth Headphones - Blue",,8.0000,
050036359276,"Flip 5 Waterproof Bluetooth Speaker - Blue",,3.0000,
050036359283,"Flip 5 Waterproof Bluetooth Speaker - Red",,0.0000,
050036359290,"Flip 5 Waterproof Bluetooth Speaker - Grey",,0.0000,
050036361088,"Flip 5 Waterproof Bluetooth Speaker - Black",Black,-1.0000,
050036361088,"Flip 5 Waterproof Bluetooth Speaker - Black",Gray,0.0000,
050036362313,"JBL - pulse 4 waterproof Speaker ",,1.0000,
050036364881,"JBL - Tune 115BT Wireless Earbuds",,4.0000,
050036365116,"JBL - Live 300TWS True Wireless In Ear Bluetooth Headphones - Black",,2.0000,
050036369091,"JBL - Tune 700BT over Ear Bluetooth Headphones",,0.0000,
050036374033,"JBL - Tune 225 True Wireless Earbud Bluetooth Headphones - Black",,3.0000,
050036374262,"JBL- Go 3 waterproof Speaker ",,2.0000,
05020479,"STYLO 6 64GB",,-1.0000,
05081749,"OtterBox - Symmetry Case for Samsung Galaxy S10 Plus - Ivy Meadow",,1.0000,
05163093,"Generic Cases S7 Edge",,-19.0000,
05297479,"alcatel 1B ",,-3.0000,
05807362,"Alcatel Glimpse",,-2.0000,
05838092,"Iphone Versus case",,10.0000,
06004982,"Apple Watch Band",,-2.0000,
06153941,"Samsung Galaxy Halo",,2.0000,
06243732,"Samsung Fast Adapter",,-4.0000,
06472890,"Generic Tablet Digitizer",,-6.0000,
06583738,"Pet Speaker",,9.0000,
06678351,"LG k30 tmobile LCD",,-2.0000,
06925103,"Aristo 2 Plus LCD",,-1.0000,
07004753,"iPhone 7 Lightning Adpater",,-5.0000,
07113875,"OtterBox - Symmetry Clear Case for Samsung Galaxy S10 Plus - Gradient Energy",,1.0000,
07337094,"USB Adapter IP OEM",,27.0000,
07476832,"Samsung Galaxy Core Prime",,0.0000,
07483939,"iPhone XS max 64 GB",,-1.0000,
07551943,"Macbook Pro",,-2.0000,
07768998,"Galaxy A20s",,2.0000,
07925273,"iPhone 6S Plus 16GB (Refurbished)",,0.0000,
08038772,"iPhone 4S LCD ",Black,-1.0000,
08054046,"DEVICE UNLOCK (CARRIER)",,-29.0000,
08206564,"iphone 7 plus 256GB Refurbished unlocked","Jet Black",1.0000,
08206564,"iphone 7 plus 256GB Refurbished unlocked","Prroduct Red",-1.0000,
08245412,"Microsoft Surface Book 1703 1704 Pixelsense LCD Touch Screen Assembly USA",,-1.0000,
08307400,"15.6"" laptop case",,-1.0000,
08441087,"Samsung J2 Battery",,0.0000,
08455825,"samsung galaxy j8",,0.0000,
08643794,"Samsung Lcd SM-A750G",,-2.0000,
0878615091375,"Jib In Ear Wired Headphones - White and Black",,10.0000,
08803802,"Zte Blade Z",,-7.0000,
08890616,"Belkin - Boost Up Charge Multi Port Power Bank 10,000 mAh - Black",,4.0000,
09071612,"Galaxy J7 sky pro (Total wireless $50 plan)",,0.0000,
09167549,"Gogroove Bass Pulse 2.1",,-1.0000,
09264681,"Z981 Battery",,-1.0000,
09403251,"Galaxy J7 crown",,-9.0000,
09495331,"Skullcandy - Indy True Wireless In Ear Bluetooth Earbuds - Black",,3.0000,
09673514,"Genuine Dell Inspiron 3264 Capacitive Touch Digitizer YP78X 0YP78X",,1.0000,
09694546,"mophie - Power Boost XXL Power Bank 20,800 mAh -  Black",,2.0000,
09871738,"OtterBox - Symmetry Case for Samsung Galaxy Note 9 - Black",,1.0000,
09910059,"iPhone 6S Plus Battery",,-44.0000,
10000004,"Galaxy S6 Edge",,0.0000,
10000006,"Galaxy S7",,0.0000,
10000007,"Galaxy S7 Edge",,-1.0000,
10000008,"Galaxy S8",,-1.0000,
10000009,"Galaxy S8 +",,0.0000,
10000016,"Galaxy J7",,-3.0000,
10000017,"Galaxy J7 Prime 16GB",,0.0000,
10000018,"Galaxy J3",,-1.0000,
10000022,"iPhone 4",,-1.0000,
10000024,"iPhone 5",,-2.0000,
10000025,"iPhone 5S Unlocked Refurbished",,0.0000,
10000027,"iPhone 6 16GB (New)",,-1.0000,
10000028,"iPhone 6 Plus",,1.0000,
10000029,"iPhone 6S",,-20.0000,
10000030,"iPhone 6S Plus",,-7.0000,
10000031,"iPhone 7 32GB Refurbished Unlocked",,-13.0000,
10000032,"iPhone 7 Plus",,-15.0000,
10000033,"iPhone 8",,-15.0000,
10000034,"iPhone 8 Plus",,-8.0000,
10000035,"iPhone X 64 GB Refurbished ",Black,-22.0000,
10000035,"iPhone X 64 GB Refurbished ",Silver,2.0000,
10000036,"Bluetooth Speaker",,-20.0000,
10000037,Speaker,,0.0000,
10000038,Misc.,,-4708.0000,
10000039,"Car Mount",,-14.0000,
10000043,"Samsung Wireless Charger",,-5.0000,
10122652,"Samsung Active Headphones",,-1.0000,
10265609,"Alacatel B1",,-2.0000,
10275596,"Blu C6",,0.0000,
10353288,"iPad Battery",,-3.0000,
10436940,"inland intruder alert",,-2.0000,
10567056,"APPLE MacBook Air 13 A1369 2011 i5 1.7GHz 4GB Logic Board Motherboard 820-3023-A",,1.0000,
107082082703,"iPhone 12/12 Pro LCD",,-10.0000,
107082082802,"iPhone 12 Mini LCD",,-3.0000,
107082082902,"iPhone 12 Pro Max LCD",,0.0000,
10816366,"LCD Replace/Repair",,-9.0000,
10828710,"iPhone 6S Plus (32GB)",,-2.0000,
10961958,"samsung charging cable",,-3.0000,
10963093,"LG rebel 2 (SMPL Mobile $30 Plan)",,0.0000,
11056958,"Galaxy s9 rear camera",,0.0000,
11465883," Z Play XT1635-01 LCD",,0.0000,
11519181,"Spigen - Tough Armor Case for Apple AirPods - Charcoal",,2.0000,
11556598,"Logitech Wireless Keyboard+Mouse",,-5.0000,
11627841,"iPhone 11 Pro 256GB Refurbished",,-1.0000,
11978736,"Magnet Car Mount",,-3.0000,
12020078,"Galaxy A70 128GB",,-2.0000,
12070413,"Samsung Galaxy S9 Plus",Black,-3.0000,
12070413,"Samsung Galaxy S9 Plus",Blue,1.0000,
12070413,"Samsung Galaxy S9 Plus",Purple,0.0000,
12144102,"Airpods Pro",,-1.0000,
12225838,"Ethernet Cable",,-5.0000,
123,"case and temper glass",,-1.0000,
1234,"simple mobile phone",,-8.0000,
12395359,"iPhone XR 64gb refurbished",,-10.0000,
12453537,"iphone xs 256 GB NEW",,0.0000,
12619133,"iPhone XR charging port",,-1.0000,
12655772,"Galaxy S8 Plus LCD",,-20.0000,
12763892,"iPad Air Digitizer",,-8.0000,
13044189,"iPad mini Digitizer",,-18.0000,
13077544,"HP Laptop",,-1.0000,
131313,"iPhone 13",,-1.0000,
13138190,"HTC 10 Evo ",,-1.0000,
13171716,"Galaxy A01 core",,-12.0000,
13221086,"Samsung S8 Plus Back door glass",,-17.0000,
13274368,"iphone 6s Charging port",,-4.0000,
1341324134,"Samsung J727 LCD ",,-12.0000,
13440263,"Samsung S7 Edge Charging Port",,-1.0000,
13500001,"Playstation VR Bundle",,1.0000,
14394524,"2M Cable IP5/6 OEM",,24.0000,
14500802,"Samsung S8 headphone (AKG IG-955)",,-6.0000,
14724960,"iPhone 12 Pro Max 256GB",,0.0000,
15029436,"Lg Phoenix 3 (ATT)",,2.0000,
15136580,"JBL - Clip 3 Waterproof Bluetooth Speaker - Gray",,-1.0000,
15291259,"Samsung Note 5 Back door glass",,-1.0000,
15567557,"iphone 7 rear camera",,-1.0000,
15580164,"Toshiba Portable Hard Drive",,-4.0000,
15613382,"1M Cable IP5/6 OEM",,80.0000,
15723729,"Belkin - Wireless Charging Pad 10W - Black",,2.0000,
15914670,"Samsung s6 Edge LCD ",Blue,1.0000,
15914670,"Samsung s6 Edge LCD ",Black,-4.0000,
16292156,"Otterbox - Symmetry Case for Apple iPhone Xs Max - Black",,0.0000,
16621089,"Galaxy J4+ 16 GB",,-1.0000,
16789122,"Samsung Galaxy S8 (Refurbished)",,-1.0000,
17271426,"Galaxy S8 Battery",,-2.0000,
17477021,"LG X220PM",,-1.0000,
17507189,"iPhone Back Camera Glass",,-1.0000,
17525177,"SmartWatch ",,-3.0000,
17540701,"Flip 2",,2.0000,
17545513,"Rebel 3 with $25 SMPL mobile plan",,-1.0000,
17547048,"Car Universal Holder",,-3.0000,
17559817,"BLU Dash M2",,-1.0000,
17664116,"iPhone 7 Plus Charging Port",,-17.0000,
17668889,"Belkin Car Charger IP",,-2.0000,
18107956,"Galaxy j3 orbit",,-5.0000,
18117013,"iPhone 7 Headphone",,44.0000,
18212006,"Samsung Fast Charger",,-37.0000,
18251246,"Lenovo 110-15ISK 15.6"" Laptop - Intel Core i3 - 6GB Memory - 1TB Hard Drive",,-1.0000,
18254468,"OtterBox - Commuter Case for Samsung Galaxy S10 Plus - Bespoke Way",,1.0000,
18309917,"Macbook Pro Battery",,0.0000,
18444618,"IPhone 8 Plus 256GB Refurbished",Black,-3.0000,
18444618,"IPhone 8 Plus 256GB Refurbished",Gold,2.0000,
18444618,"IPhone 8 Plus 256GB Refurbished",Silver,0.0000,
18728028,"AIRPODS PRO",,-1.0000,
18868541,"Samsung 1350 Bluetooth headphone",,0.0000,
191058071682,"UA Protect Dry Bag - Black and Clear",,3.0000,
191058094476,"Incipio-Ghost110 Wireless Charging pad 5W-Black",,2.0000,
191058120878,"Kate Spade - Hardshell Case for Apple iPhone 12 mini - Hollyhock Floral",,1.0000,
191058120892,"Kate Spade - Hardshell Case for Apple iPhone 12 / 12 Pro - Hollyhock Floral",,1.0000,
191058120908,"Kate Spade - Hardshell Case for Apple iPhone 12 Pro Max - Hollyhock Floral",,1.0000,
191058120991,"Kate Spade - Hardshell Case for Apple iPhone 12 mini - Daisy",,1.0000,
191058121011,"Kate Spade - Hardshell Case for Apple iPhone 12 / 12 Pro - Daisy",,1.0000,
191058121028,"Kate Spade - Hardshell Case for Apple iPhone 12 Pro Max - Daisy",,1.0000,
191058122650,"Kate Spade - Hardshell Case for Apple iPhone 12 mini - Scattered Flowers",,1.0000,
191058122674,"Kate Spade - Hardshell Case for Apple iPhone 12 / 12 Pro - Scattered Flowers",,1.0000,
191058122681,"Kate Spade - Hardshell Case for Apple iPhone 12 Pro Max - Scattered Flowers",,1.0000,
19128899,"Apple Watch Series 3 38mm",,0.0000,
19147381,"galaxy s9 back glass",,-8.0000,
19160528,"ZTE Z222",,-1.0000,
19284650,"Samsung Galaxy J2 Prime",,-1.0000,
19303320,"INSTALLATION CHARGE",,-2.0000,
19360684,"Galaxy Note 3 Battery",,2.0000,
19696300,"Otterbox - Symmetry Case for Apple iPhone Xs Max - Tonic Violet",,1.0000,
19779061,"Note 10 plus headphone",,-1.0000,
19936546,"iphone flower case",,8.0000,
19961111,"1M Cable IP XS MAX OEM",,-3.0000,
20049949,"MacBook Air 13 Inch",,-1.0000,
20211309,"Galaxy J7 Star ",,0.0000,
20255572,"Huawei P Smart",,0.0000,
20380561,"Ipad pro A1674 LCD",,-2.0000,
21035050,"Motorola Power pack 4000",,-1.0000,
21068824,"Apple Ipad 16 GB",,-1.0000,
21094319,"iPhone 7 128GB Refurbished","Jet Black",3.0000,
21094319,"iPhone 7 128GB Refurbished",Red,0.0000,
21094319,"iPhone 7 128GB Refurbished",Black,-4.0000,
21581054,"Transcend 8GB USB flash drive",,-1.0000,
21848408,"iPhone 7 Plus 128GB Refurbished",Black,-5.0000,
21848408,"iPhone 7 Plus 128GB Refurbished","Rose Gold",1.0000,
21848408,"iPhone 7 Plus 128GB Refurbished",Red,-3.0000,
21848408,"iPhone 7 Plus 128GB Refurbished",Silver,0.0000,
21848408,"iPhone 7 Plus 128GB Refurbished",Gold,1.0000,
21949605,"Galaxy J7 Neo 16GB",,0.0000,
22126341,"Samsung phone cable",,-1.0000,
22170715,"Moto G Pure",,-1.0000,
22311756,"Samsung Galaxy A10e",,-2.0000,
22398603,"Top Tech Kids Tab ",,-1.0000,
22577601,"TracFone Flip phone",,-2.0000,
22580438," Galaxy A03s",,-3.0000,
22602047,"ASUS K501UX",,2.0000,
22716320,"iPhone SE 16GB Refurbished",,-4.0000,
22812391,"Logitech MK235 Wirless Mouse & Keyboard Combo",,2.0000,
23100395,"Generic Headphone",,-11.0000,
23109570,"HP Pavillion Dv6",,-2.0000,
23216383,"JBL FOCUS BT Headphones",,-6.0000,
23333208,"ZTE Axon M",,2.0000,
23572741,"Samsung J2 Pro",,-2.0000,
23592210,"USB 3.0 Gigabit RJ45 Ethernet Lan Network Cable Adapter Hub",,5.0000,
23648899,"Otterbox - Commuter Case for Apple iPhone Xs Max - Ocean Way",,0.0000,
23714620,"LG Rebel 4 (with $25 plan)",,-6.0000,
23721475,"VTECH Home phone set",,-1.0000,
23723791,"Spigen - Tough Armor Case for Apple AirPods - Black",,2.0000,
23924776,"XBOX CONTROLLER",,-1.0000,
23983779,A30s,,-1.0000,
24079812,"Tmobile sim card",,-1.0000,
24080383,"Galaxy Note 9 Unlocked",,-1.0000,
24120861,"Logitech® MK320 Wireless Desktop Keyboard/Mouse",,2.0000,
24187212,"EVO 256 GB SSD",,-2.0000,
24242175,"Iphone XR 256 GB",,1.0000,
24283905,"COBY Mini Stereo",,-1.0000,
24327663,"Otterbox - Symmetry Case for Apple iPhone Xs / X - On Fleck",,1.0000,
24602622,"Samsung S9 Battery",,0.0000,
24702183,"A1446 LCD - A1446 LCD ",,0.0000,
25017569,Diagnostics,,-1.0000,
25115200,"Samsung Galaxy AMP Prime",,1.0000,
25174948,"Screen Replacement",,-1.0000,
25185244,"iPhone 6 Plus Charging Port",,-6.0000,
25273399,"HP Elite book Core i7",,0.0000,
25298206,"iphone gucci case",,0.0000,
25316227,"Amazon Fire 7 Kids Edition",,-7.0000,
25417788,"ipad pro 12.9 inch A1670 LCD",,-2.0000,
25525005,"AC Power Adapter (Multi Functions)",,-1.0000,
25532051,"Otterbox - Commuter Case for Apple iPhone Xs / X - Ballet Way",,0.0000,
25803284,"SONY Compact Style (MDR-EX110AP)",,17.0000,
25820439,"OtterBox - Commuter Case for Samsung Galaxy S10 - Ballet Way",,1.0000,
25839827,"Skullcandy - Jib Active In Ear Wireless Headphones - Blac",,10.0000,
25884632,"iPhone 5s Battery",,2.0000,
25890659,"Otterbox - Symmetry Case for Apple iPhone Xs Max - Ashed For It",,0.0000,
25933770,"Samsung J3 2017 Prime J327 LCD",black,1.0000,
25933770,"Samsung J3 2017 Prime J327 LCD",sliver,2.0000,
26041944,"iPhone Camera Lens",,-2.0000,
26321587,"Galaxy M20",,0.0000,
26557212,"Screen Protector",,-99999999999.9999,
26995259,"iPhone 6 Plus Home button",,-5.0000,
27085652,"Samsung Galaxy  J4 32GB",,-2.0000,
27169127,"Otterbox - Commuter Case for Apple iPhone XR - Ocean Way",,0.0000,
27170827,"Inland USB Mouse",,6.0000,
27430456,"Dell E6530",,-1.0000,
27646566,"Otterbox - Symmetry Case for Apple iPhone Xs / X - Fine Port",,1.0000,
27814536,"Coolpad 3300A 4GB Black LCD AND DIGITIZER",,-1.0000,
27836671,"SONY PS 4 1TB",,1.0000,
28174795,"HP Laptop",,-4.0000,
28336439,"Ipad mini 1 LCD",,1.0000,
28452994,"Motorola 105 Bluetooth headphone with alexa",,4.0000,
28612410,"iPad LCD and Digitizer ",Black,-22.0000,
28859500,"Samsung Galaxy Tab E 8.0 T377T WiFi + 4G",,1.0000,
28931689,"LG K20 LCD",,-3.0000,
28985585,"Galaxy A51",,1.0000,
28997859,"Samsung J6 32GB",,0.0000,
29116479,"Motorola HK115",,-2.0000,
29262124,"samsung U Headphones",,3.0000,
29290923,"iPhone SE Battery",,3.0000,
29295201,"LG K8V (VER) - with $40 plan",,0.0000,
29775050,"Iphone 7 32 GB",,-4.0000,
29822100,"OtterBox - Commuter Case for Apple iPhone 8 Plus / 7 Plus - Ballet Way",,1.0000,
29914775,"Samsung S7 Edge Back Camera Lense",,-2.0000,
30121762,"Air Pod Pro",,2.0000,
30392909,"iPhone XS Max rear camera",,-1.0000,
30393339,"HP Laptop (Refurbished)",,-1.0000,
30402060,"iPhone 6 16GB (Refurbished)",,0.0000,
30418401,"Otterbox - Commuter Case for Apple iPhone Xs / X - Black",,2.0000,
30418502,"Unlock Service",,-4137.0000,
30438348,"OtterBox - Symmetry Case for Samsung Galaxy Note 9 - Ivy Meadow",,1.0000,
30616578,"Alcatel A 30 Plus",,1.0000,
30632467,"Samsung galaxy s9 ",,-5.0000,
30997954,"iphone XS Max 64GB Refurbished",,-3.0000,
31028459,"alcatel volta",,-3.0000,
31044079,"Air Pods 2",,-4.0000,
31047466,"Xbox One S 1TB Console",,0.0000,
31089865,"Galaxy S7 Battery",,1.0000,
31154554,"OtterBox - Commuter Case for Apple iPhone 8 Plus / 7 Plus - Black",,-2.0000,
31256940,"Tab Affix",,0.0000,
31486031,"T&G bluetooth speaker",,3.0000,
31530910,"Iphone XR 64 GB (Refurbished) ",,-3.0000,
31732374,"HP EliteBook Folio 9480m i5-4210",,1.0000,
32048428,"iPhone 6S 32GB Refurbished",Silver,0.0000,
32048428,"iPhone 6S 32GB Refurbished","Space Gray",3.0000,
32229203,"Sony Xperia",,0.0000,
32234568,"iphone HP",,2.0000,
32415095,"Galaxy A71",,0.0000,
32451579,"iPhone 13 Pro Max 128GB Graphite",,-1.0000,
32627760,"Generic Repair Parts ",,3.0000,
33010362,"Printer Cable",,-1.0000,
33051102,"OtterBox - Commuter Case for Apple iPhone 8 / 7 -  Ballet Way",,-1.0000,
33201519,"Logitech® MK235 Wireless Optical Mouse And Keyboard",,2.0000,
3333333,"MACBOOK AIR",,-3.0000,
34303758,"Note 10 plus 256 GB",,1.0000,
34306037,"Zte Max XL N9560 LCD",,1.0000,
34327665,"portable Charger",,-7.0000,
34397630,"Revvl Plus",,1.0000,
34479761,"ZTE ZMAX Pro Z981 32GB Black",,-1.0000,
34493501,"Samsung J7 Prime 32GB",,1.0000,
34537977,"Zipper Earphones",,-1.0000,
34623850,"iPhone 5S (16GB)",,-1.0000,
34966131,REFLASH,,-1.0000,
350183770558658,"Galaxy S20 FE",,0.0000,
35064481,"Galaxy S7 Edge LCD",,-6.0000,
35114102,"samsung tab 7 ",,-1.0000,
35136825,"iPhone XR 64 GB",,-1.0000,
35164045,"iPhone 7 Front Camera Flex Cable",,-4.0000,
35184965,"Alcatel Tetra 16 GB",,-3.0000,
35317143,"iPhone 6 Plus 64GB Certified Refurbished",,-1.0000,
35379132,"Samsung J7 J727T1 LCD",,-4.0000,
35432799,"type C to USB cable",,-4.0000,
35646102,"iphone xr housing",,-2.0000,
356474105249954,"iPhone SE 2020",,0.0000,
35761633,"Galaxy S10 plus 512 GB",,0.0000,
35897695,"Samsung S7 Edge Back door glass",,-1.0000,
35940745,"Google - Home - Smart Speaker with Google Assistant",,2.0000,
36035938,"Galaxy M30",,0.0000,
36044773,"Verizon Ellipsis 8 QTAQZ3",,-1.0000,
36059855,"LG Fortune",,-1.0000,
36360746,"Samsung Galaxy Note 8 64 GB",,1.0000,
36517226,"iPhone 8 Plus Battery",,1.0000,
36537715,"Samsung S8 Back door glass",,-11.0000,
36627334,"Android FRP Unlock",,-99999999999.9999,
36786004,"Galaxy S6 Edge Battery",,3.0000,
36790076,"PS 4 Repair/ HDMI Port Repair",,-18.0000,
36852921,"iphone 7 plus 128 GB",,2.0000,
36870373,"Motorola Boom2",,-3.0000,
37220910,"iphone 7 headphone adapter ",,5.0000,
37225428,"Galaxy S10 128GB ",,-2.0000,
37954142,"Apple Watch Seies 3 38mm",,-2.0000,
38355760,"iPhone 6s 128GB",,0.0000,
38454437,"Beats Solo Red Headphone wired ",,-1.0000,
38567291,"Galaxy S6 LCD ",,-5.0000,
38730830,"Audster AUD-L660",,-1.0000,
38746257,"iPhone 6 Home Button",,-18.0000,
38913049,"LG 8X DVD WRITER",,2.0000,
38914037,"I pad Mini",,2.0000,
39120878,"Samusng J700 T1 LCD",,-3.0000,
39164266,"ATT IPAD UNLOCK (CARRIER)",,-1.0000,
39351801,"LG journey",,-4.0000,
39499351,"Otterbox - Symmetry Case for Apple iPhone Xs / X - Ashed For It",,1.0000,
39524077,"Samsung S6 Back door glass",,-2.0000,
39725203,"mophie - Power Boost XL Power Bank 10,400 mAh -  Black",,-1.0000,
39836060,"iPad Digitizer",,-99999999999.9999,
39873942,"Amazon Fire TV 4K Ultra",,-2.0000,
39884685,"urbeats earbuds",,0.0000,
39955976,"AirPod Genuine",,-18.0000,
40100376,"Dell Inspiron T24T laptop ",,0.0000,
40618015,"iPhone 4S Battery",,1.0000,
40714628,"Beats Solo 3 Wireless",,-1.0000,
40769827,Maestro,,-2.0000,
40856376,"Samsung U Flex",,-2.0000,
40862973,"EU to US Plug",,-2.0000,
40985327,"Samsung Tab 3  inch",,-1.0000,
41146370,"Apple Ipad Air 2",,-1.0000,
41470366,"Reiko iPhone 6 Cases",,-4.0000,
41476891,"A1238 BATTERY",,0.0000,
41624798,"iPhone 6s Home Button",,-29.0000,
41780846,"Galaxy S7 LCD",,-7.0000,
41803399,"Apple IPOD TOUCH 4 4TH GEN LCD",,0.0000,
42205264,"Mac pro 15 A1398 Display""",,-1.0000,
42247596,"LG G Pad F 8.0 V495 V496 LCD",,1.0000,
42298796,"iphone 8 red housing back glass",,0.0000,
42355924,"iPhone 6 Plus Battery",,-23.0000,
42627124,"iphone 8 64 GB unlocked refurbished GSM/CDMA ",,-14.0000,
42669827,"One plus 5T LCD",,-1.0000,
42730820,"Sandisk Flash Drive 64GB",,-4.0000,
42790797,"Galaxy S4 Battery",,3.0000,
42798656,"1M Cable IP7 OEM",,-31.0000,
42854637,"LG K7 LCD",,-1.0000,
42857637,RESET,,-540692060.0000,
43175915,"A21s 64GB",,-7.0000,
43184955,"iphone 6 plus 16GB Refurbished",,0.0000,
43388550,"Revvl Plus (t-mobile)",,-1.0000,
43396433,"Galaxy J6",,0.0000,
43635049,"iPad mini 1/2 Digitizer",,-21.0000,
43662222,"Phone Battery",,-2.0000,
43869018,"OtterBox - Commuter Case for Samsung Galaxy Note 9 - Black",,0.0000,
43970264,"Google - Home Mini (1st Generation)",,1.0000,
44156223,"Alcatel 1SE",,-1.0000,
4444,"Ps4 controller",,-1.0000,
44443773,"J320 LCD",,-1.0000,
44524453,"Samsung Gear Icon X 2018 SM-R140 Wireless Bluetooth Headset Black IconX 2018",,0.0000,
44644192,"INLAND IK100 KEYBOARD",,10.0000,
44659460,"iPhone 7 Plus Front camera Flex Cable",,-36.0000,
44818217,"iPhone AUX Jack",,-10.0000,
44851415,"LG K4",,-1.0000,
44922798,"Logitech® MK270 Wireless Keyboard and Mouse Combo",,2.0000,
44925342,"TCL A1 with simple $25 plan",,-2.0000,
44933917,"LG Aristo LCD",,-46.0000,
45040022,"Ipad 7th Generation",,0.0000,
45386960,"Belkin S5 Micro USB Cable",,-3.0000,
45627057,"Tempered Glass",,-29.0000,
45629293,"Ipad Air 2 128 GB WIFI",,1.0000,
45656647,Estimation,,-99999999999.9999,
45676980,"Galaxy S10 128gb",,-1.0000,
45775547,"Jabra Talk 2",,-1.0000,
46056828,"Logitech MK360",,-1.0000,
46118979,Tablet,,-1.0000,
46390428,"iPhone 7 128GB ",,0.0000,
46435774,"Samsun J727 Battery",,2.0000,
46457782,"sandisk 64gb sd card",,-2.0000,
46561551,"HS03 HP BATTERY (GENERIC)",,-1.0000,
46563878,"Car Mount Bonus Pack",,-1.0000,
46737287,"Galaxy A10",,-3.0000,
46781109,"Iphone 6 plus home button connection flex cable",,3.0000,
46827483,"Keyboard usb",,-4.0000,
46853975,"Galaxy A21s",,1.0000,
47031781,"Galaxy S6 Battery",,-3.0000,
47131853,"ZTE blade t2 With $25 SMPL PLAN",,-3.0000,
47151088,"Sandisk 8GB micro SD card",,-2.0000,
47259068,"SAMSUNG MICROUSB CABLE",,-1.0000,
47357788,"Car Adapter",,-1.0000,
47751457,"OtterBox - Commuter Case for Samsung Galaxy S10 - Bespoke Way",,2.0000,
47767939,"HP 14-AN012NR Laptop Motherboard AMD E2-7110 1.8 GHz 858047-601",,1.0000,
47774253,"16GB SINGLE RAM UPGRADE",,0.0000,
48457153,"Otterbox - Symmetry Case for Apple iPhone Xs / X - Black",,0.0000,
48560758,"OtterBox - Symmetry Case for Samsung Galaxy Note 9 - Gradient Energy",,1.0000,
48634673,"Iphone 8 64 GB new",,-1.0000,
48647143,"Logitech WebCam",,-1.0000,
48860794,"mophie - Powerstation Mini Power Bank 5,000 mAh - Gray",,0.0000,
48913422,"SAMSUNG RC512 BATTERY",,-1.0000,
48961090,"iPhone 6s 64GB Refurbished","Space Gray",-10.0000,
48961090,"iPhone 6s 64GB Refurbished",Silver,-1.0000,
48961090,"iPhone 6s 64GB Refurbished",Gold,1.0000,
48961090,"iPhone 6s 64GB Refurbished","Rose Gold",0.0000,
49019101,"data recovery",,-4.0000,
49101524,"LG Aristo 2 plus lcd",,1.0000,
49157379,"Generic Laptop Charger",,-23.0000,
49159117,"iphone 6 home button flex cable",,3.0000,
49393918,"INLAND AIR DUSTER",,2.0000,
49418763,"Generic Cases",,-99999999999.9999,
49444942,"Haier Car Charger IP4",,-1.0000,
49499007,"Transcend 256GB SD Card",,-1.0000,
49652355,"LG stylo 4 LCD",,-2.0000,
49671951,"Dell Latitude Laptop E6430",,-1.0000,
49721672,"Motorola Pulse Escape",,-5.0000,
50045387,"Alcatel MYFLIP With $30 SMPL Plan",,0.0000,
50055216,"Samsung S6 Edge Charging Port",,-1.0000,
50309256,"iphone 6 charging port ",,-2.0000,
50336367,"Charging Port Repair",,-1.0000,
50788664,"Galaxy A12 64GB",,-8.0000,
50869586,"PS 4 Controller",,-13.0000,
50994575,"Samsung Gear S3 Fontier",,1.0000,
51010194,"D-Link Wireless Router (AC750)",,-2.0000,
51117244,"Samsung Car Adapter",,-11.0000,
51200992,"15-15.6"" Inch Soft Laptop Sleeve Case""",,-1.0000,
51378830,"Simple Mobile 75$",,-1.0000,
51461504,"Samsung Galaxy s10 plus 128 GB",,-6.0000,
51548764,"LG K92",,-1.0000,
51906904,"iPhone 6s Plus 64 GB Refurbished","Space Gray",-1.0000,
51906904,"iPhone 6s Plus 64 GB Refurbished",Gold,1.0000,
51982711,"Transcend SD Cards 32GB",,-1.0000,
51996695,"Power bank 6",,2.0000,
52053938,"iphone 6s 32 GB ",,7.0000,
52361530,"Iphone 6 Battery Case",,-2.0000,
52961041,"Amazon fire HD 8 16GB",,-3.0000,
53062421,"Microsoft WMM 1850 Wireless Mouse",,-2.0000,
53065594,"Galaxy S10e",,-1.0000,
53128374,"SanDisk SD Cards 32GB",,-12.0000,
53143652,"power up 8000",,1.0000,
53342163,"OtterBox - Symmetry Clear Case for Samsung Galaxy S10 - Gradient Energy",,1.0000,
53536199,"Sandisk 8GB ",,-1.0000,
53838314,"Sandisk 128GB Flash Drive",,-3.0000,
53873186,"iPhone 4 Battery",,1.0000,
53979192,"Aduro 10k powerbank",,-1.0000,
541541541,"HP 15-AF 15-AF131DX charging port",,1.0000,
54175382,"Otterbox - Commuter Case for Apple iPhone XR - Bespoke Way",,0.0000,
54691789,"Griffin 20100 mAh portable charger",,7.0000,
54736006,"Hypergear portable charger 20000",,-7.0000,
54836012,"Samsung Galaxy J2",,0.0000,
54905199,"Otterbox - Symmetry Clear Case for Apple iPhone Xs / X - Gradient Energy",,1.0000,
54907272,"SIM Cards",,-6.0000,
54914476,"ipad air 2 charging port",,-1.0000,
55130085,"Amazon Fire 7 (New)",,-20.0000,
55508512,"samsung c-type cable",,-2.0000,
55511832,Coolpad,,-1.0000,
55515301,"Note 4 LCD",,-1.0000,
55521405,"Dell Latitude E6430U Laptop",,1.0000,
55818566,"LG K30 X410TK T-Mobile, K30 LMX410UM LCD",,-4.0000,
56581808,"BR50 BATTERY",,-2.0000,
56591563,"Samsung Galaxy J6 plus 32GB",,1.0000,
56753198,"iPhone 7 Plus Battery",,-24.0000,
56773706,"8 GB laptop RAM",,-1.0000,
56858716,"iPhone 6S Battery",,-2508668.0000,
56893414,"iPhone 6 Battery",,-86.0000,
56942517,"Amazon fire TV stick",,-24.0000,
57235423,"iPhone XR rear camera glass",,-1.0000,
57368000,"Galaxy Tab E 8 (New)""",,-1.0000,
57380934,"Verizon flip phone",,-1.0000,
57751396,"Muvit Car Charger IP4",,-3.0000,
57993197,"Otterbox - Commuter Case for Apple iPhone XR - Black",,2.0000,
58012478,"platronics voyager edge",,2.0000,
58265364,"Motorola XT1924-7 Lcd",,-3.0000,
58414361,"iPhone 7 Plus 32GB Refurbuished",,-5.0000,
58490024,"Samsung Fast Charger Cable",,31.0000,
58592761,"LG Optimus Zone 2 (VER) - with $40 plan",,2.0000,
58613337,"Otterbox - Symmetry Case for Apple iPhone Xs Max - On Fleck",,1.0000,
58858917,"OtterBox - Symmetry Case for Samsung Galaxy S10 - Black",,1.0000,
58878002,"Galaxy Note 9 128 GB",,0.0000,
58894456,"Otterbox - Symmetry Case for Apple iPhone Xs / X - Tonic Violet",,1.0000,
59022516,"Spigen - Tough Armor Case for Apple AirPods Pro - Black",,2.0000,
59211326,"Samsung Galaxy J3 Luna Pro",,-1229.0000,
59237698,"Otterbox - Commuter Case for Apple iPhone Xs / X - Ocean Way",,1.0000,
59317536,"Galaxy A30",,-3.0000,
59340748,"Woozik Wireless Speaker",,-3.0000,
59379326,"iphone se 64GB unlocked refurbished",,1.0000,
59430494,"iPhone XR 128GB",,-3.0000,
59578090,"PS4 Refurbished",,-1.0000,
59634101,"Power Cord",,-1.0000,
59814987,"Galaxy A31",,-1.0000,
59911903,"Generic  Charging Port",,-17.0000,
60131176,"LG L53BL lcd",,-1.0000,
60201160,"Iphone XR 256GB",,-1.0000,
60259429,"Xbox One Controller",,2.0000,
60321878,"Galaxy J320p LCD",,1.0000,
60341264,"Transcend 8GB SD Card",,-5.0000,
60455261,"Samsung Level U ProANC",,2.0000,
60512055,"Iphone XR 64GB NEW",,-20.0000,
60587981,"Otterbox - Commuter Case for Apple iPhone Xs Max - Ballet Way",,1.0000,
60601423,"Galaxy s8 plus",,-1.0000,
60603441,"Special Order",,-558338670.0000,
60850636,"Swift bluetooth earphones sport fit",,-2.0000,
60866728,"iPhone X Housing",,-1.0000,
60868311,"LG LCD",,-8.0000,
60923328,"Toshiba HDD 500GB",,-1.0000,
60938232,"complete housing",,-1.0000,
60967072,"nem power bank",,-8.0000,
61059101,"T-Mobile SIM Card",,-2.0000,
61218672,"galaxy note 8 lcd",,-6.0000,
61370396,"AT&T Calypso",,-1.0000,
615822009348,"Elite 25e In Ear Bluetooth Headphones - Black",,1.0000,
615822009461,"Elite 45e In Ear Bluetooth Headphones - Black",,2.0000,
615822010917,"Talk 5 Mono In Ear Bluetooth Headset - Black",,8.0000,
62061686,"Dell Latitude Laptop",,-1.0000,
62169522,"BLU Vivo 5 Mini",,2.0000,
62272846,"Skullcandy Headphones ",,-1.0000,
62290780,"Xiaomi Redmi Note 7",,0.0000,
62329898,"SIMPLE mobile $50 plan",,-2.0000,
62421195,"Samsung Galaxy S10 128 GB Refurbished",,-2.0000,
62561111,"iphone 7 plus flash light",,-1.0000,
62822653,"iPhone 5s Charging Port",,-3.0000,
63128835,"Samsung Buds",,-2.0000,
63262871,"iPhone 6S Plus 128GB (Refurbished)",,-1.0000,
63452590,"iPhone 6 Front Camera Flex Cable",,-12.0000,
63503562,"Acellories Cable IP",,-6.0000,
63542290,"Samsung Galaxy M10",,1.0000,
636983534210,"Super Stereo BASS earphone",,-2.0000,
63719311,"Otterbox - Commuter Case for Apple iPhone Xs Max - Black",,1.0000,
64139450,"Belkin Lightning Cable IP",,-21.0000,
64215397,"1M 30 pin IP OEM",,34.0000,
64323772,"Generic Cable",,-16.0000,
64335143,"Samsung Note 9 LCD",Black,-13.0000,
64335143,"Samsung Note 9 LCD",Blue,1.0000,
64507622,"Lg Stylo 4 back ",,0.0000,
64507647,"Otterbox - Commuter Case for Apple iPhone XR - Ballet Way",,0.0000,
64578532,"Moto E 5 Play ",,0.0000,
64617441,"ZTE Blade Z",,11.0000,
64931170,"Amazon Echo DOT",,1.0000,
65193125,"Aux 6FT Cable",,-1.0000,
65267814,"BLU M8L Tablet",,-1.0000,
65433217,"General Laptop Repair",,-504.0000,
65496428,"Galaxy S8 Plus Battery",,3.0000,
65740314,"RAM Upgrade",,-2.0000,
65772718,"Galaxy A6 LCD",,0.0000,
65911605,"INLAND IC100 KEYBOARD AND MOUSE COMBO SET",,4.0000,
66277775,"Galaxy A02 ",,-3.0000,
66397094,"Belkin Micro USB Charger",,-5.0000,
66733886,"Motorola Verve Loop",,-1.0000,
66768819,"AC Adapter for HP Pavilion Laptop",,-2.0000,
66820077,"Surface pro 7",,-1.0000,
66878218,"Samsung Level U",,-1.0000,
66973507,"8"" Verizon Ellipsis 8 QTAQZ3 LCD",,1.0000,
67083852,"Privecy Screen Protector",,-12.0000,
67157305,"SanDisk iXpand Drive 32GB",,-1.0000,
67233336,"Reiko Case for Samsung S8",,-1.0000,
67337508,"JBL - Live 200 In Ear Bluetooth Headphones - Black",,1.0000,
67349579,"Belkin USB C Cable",,-28.0000,
67360542,"iPhone 6S Plus 32GB (Refurbished)",,1.0000,
67953747,"OtterBox - Commuter Case for Apple iPhone 8 Plus / 7 Plus - Indigo Way",,0.0000,
68220207,"LG Phoenix 5",,2.0000,
68354918,"iPhone X Battery",,-4.0000,
68392462,"Full glue samsung tempered glass",,24.0000,
68471723,"iPhone 11 Pro Max",,-2.0000,
685387374410,"3.5mm Aux Cable 3ft - Black",,1.0000,
685387443062,"Reserve Power Bank 5200 mAh - Black",,1.0000,
685387443079,"Reserve Power Bank 9000 mAh - Black",,0.0000,
68585803,"20800 power bank",,1.0000,
68602097,"Samsung J700 Battery",,5.0000,
68857861," XS MAX charging Case",,-1.0000,
689935371579,"Celebrat Metal Bass earphone G2",,-1.0000,
69078944,"elite e55max ",,-1.0000,
69169703,"iphone 7 plus rear camera",,-3.0000,
69341649,"LG Stylo 4",,0.0000,
69439328,"Generic Charging Cable",,-37.0000,
695215420837,"iWALK - LinkMe Plus Power Bank 3,300 for Micro USB Devices - Black",,5.0000,
695215420875,"LinkMe Plus Power Bank 3,300 for Apple Lightning Devices - Black",Black,2.0000,
695215420875,"LinkMe Plus Power Bank 3,300 for Apple Lightning Devices - Black",White,0.0000,
695215420882,"LinkMe Plus Power Bank 3,300 for Apple Lightning Devices - White",,2.0000,
695215421308,"iWALK - Car Charger Dual Port 4.8A Universal - White",,1.0000,
69680493,"iPhone 8 Battery",,-2.0000,
69876157,"OtterBox - Symmetry Case for Samsung Galaxy S10 Plus - Black",,1.0000,
69884004,"LG V30 VS996 V30 64GB",,0.0000,
69971760,"IPAD AIR 2 LCD A1566 ",,-6.0000,
70285218,"Motorola Verve buds 110",,-1.0000,
70325260,"iPhone 6S Plus Charging Port",,-11.0000,
70630558,"Galaxy A11",,-3.0000,
70848394,"LG Fortune 2 (CRK)",,2.0000,
70856056,"Apple Air pods accessory kit",,1.0000,
70909823,"OtterBox - Commuter Case for Samsung Galaxy Note 9 - Bespoke Way",,2.0000,
71087529,"PS power cord",,-1.0000,
71358140,"Airpod 3rd Gen ",,-1.0000,
71391402,"Sandisk SD Card 16GB",,-11.0000,
71718075,"Hard Drive",,-2.0000,
71907164,"JBL - T Series T205BT In Ear Bluetooth Headphones - Blac",,5.0000,
71928998,"Galaxy A20",,-1.0000,
722868889015,"Mixit 3.5mm Aux Cable 3ft - Blue",,0.0000,
722868889480,"Mixit 3.5mm Aux Cable 3ft - Black",,2.0000,
722868908020,"Mixit 3.5mm Aux Cable 3ft - White",,4.0000,
72290468,"Sandisk Flash Drive 16GB",,-12.0000,
72399704,"Samsung Galaxy Amp Prime SM-J320AZ - 16GB",,0.0000,
72549951,"Otterbox - Symmetry Case for Apple iPhone Xs Max - Wood You Rather",,0.0000,
72602371,"Charging Port",,-1.0000,
72740764a,"Samsung J7 Prime 2017 LCD",,-1.0000,
72740901,"iPhone X 64GB New",,-1.0000,
73315334,"xs 64 GB Refurbished",,-2.0000,
73714755,"iPhone Charging Cable and Block Combo",,-12.0000,
73917937,"Samsung J1 Battery",,0.0000,
73965679,"Iphone AirPod",,2.0000,
740614319517,"YOOKIE earphone YK730",,-1.0000,
74197175,"Nintendo Switch",,0.0000,
74312754,"i12 TWS AirPod OEM",,-3.0000,
74474984,"galaxy tab e 8.0""",,-2.0000,
74492561,"Galaxy M31",,0.0000,
745883692378,"Type A to Type C 3.0 Adapter - Black",,4.0000,
745883710232,"Belkin- Mixit USB C cable -6ft",,3.0000,
745883711826,"Belikn USB A to USB C 4ft",,3.0000,
745883775422,"Belikn lighting to USB C 4ft ",,2.0000,
745883780938,"Belkin Duel port 30W wall charger",,1.0000,
745883788521,"Belikin Boost up charge USB A to USB C - 10ft",,5.0000,
745883788781,"Belikin Boost up charge USB C to Lighting - 3ft",,5.0000,
745883797295,"Belkin Power Bank 10K usb C",,3.0000,
745883797660,"Belkin 10k",,3.0000,
74646506,"iMac 2015 27 inch",,-1.0000,
74899404,"iPhone 5 Battery",,-3.0000,
75000656,"MACBOOK AIR",,-1.0000,
75667170,"iPhone 7 Charging Port",,-15.0000,
75722557,"Galaxy S3 Battery",,2.0000,
75744513,"Mophie Power Bank 20800Amh",,-1.0000,
7575,"LG Tone pro ",,-1.0000,
75909287,"OtterBox - Commuter Case for Samsung Galaxy S10 Plus - Black",,1.0000,
76146483,"iPhone 6 Plus Front camera Flex Cable",,-3.0000,
76186745,"Iphone 6 charging case",,-3.0000,
76234762,"Charge Mini 2 Plus",,-1.0000,
76236236,"Power Bank",,-6.0000,
76512342,"Powerbeats Pro Red",,-1.0000,
76809973,"Galaxy j7 2016 lcd",,-1.0000,
77156767,"Samsung Camera Lens Replace",,-1.0000,
77305701,"Macbook Charger",,-25.0000,
77552516,"Beats pill 2.0 7.4V Battery",,1.0000,
77624075,"LG stylo 5",,3.0000,
781420064963,"Slim Boost Power Bank for Apple Lightning Devices 1,300 mAh - Black",,3.0000,
78199100,"DELL Latitude E7440 ",,-1.0000,
78269032,"Others (Adjustment)",,0.0000,
78277266,"Amazon Fire 7 Kids Edition (16GB)",,2.0000,
78425194,"iphone x 256 GB ",,-3.0000,
78531984,"Galaxy S8 LCD",,-17.0000,
78565417,"Ipad charging port",,-6.0000,
78571956,"Advance 4 phone",,1.0000,
78580927,"JBL Inspire 500",,-5.0000,
78600652,"BLACKBERRY CLASSIC SD CARD TRAY",,-1.0000,
78603398,"OtterBox - EXO EDGE Case for Apple Watch 40mm - Black",,2.0000,
78730741,"Samsung Galaxy J4+ 32GB",,3.0000,
78789574,"OtterBox - Symmetry Clear Case for Samsung Galaxy S10 - Love Triangle",,1.0000,
78967558,"Water Damage Fix",,-99999999999.9999,
79074289,"Reiko iPhone X Cases",,-3.0000,
79157336,"Galaxy A02s",,-5.0000,
79190918,"Samsung Galaxy Tab 4 Battery",,1.0000,
79514444,"lycamobile $21 bill",,-1.0000,
79553146,"Transcend 8GB Flash drive",,-10.0000,
79843046,"Nintendo Switch 4310mAh Internal Battery HAC-003",,0.0000,
79995265,"Samsung S6 Edge Back door glass",,-1.0000,
800768702877,"Type A to Type C Cable 4ft - Black",,2.0000,
800768703935,"Braided Type A to Type C Cable 10ft - Black",,2.0000,
800768712647,"Power Bank 10,000 mAh - Black",,2.0000,
80401077,"Huawei Honor 8X ",,2.0000,
80532472,"Lenovo 14"" ThinkPad E460 Laptop ",,1.0000,
80652516,"Samsung S8 Fast Charger",,-2.0000,
80750074,"Sandisk 32GB Flash Drive",,0.0000,
80997992,"OtterBox - Commuter Case for Samsung Galaxy S10 Plus - Ballet Way",,1.0000,
811433034360,"Car Mount Kit",,1.0000,
81151857,"HP Elitebook 745 G2",,-1.0000,
81176797,"Surcharge fee",,-1.0000,
81327347,"iphone 6 32 GB",,-2.0000,
81428479,"Samsung J3 Prime LCD",,-1.0000,
81883099,"iPhone 8 Plus 64GB New",,2.0000,
81945740,"Tab Affix",,0.0000,
819771023053,VORTEX,,1.0000,
819771023220,STARK,,1.0000,
82383763,"a 02",,-8.0000,
82610231,"iPhone 6s Plus Front cam flex cable",,-3.0000,
82667353,"BLU Grand M",,-2.0000,
82717987,"Jam Thril bluetooth speaker",,-1.0000,
82743620,"Samsung S9 back camera glass",,2.0000,
82910127,"Transcend 64GB micro SD card",,-2.0000,
83097275,"ipad mini 4 lcd+digitizer",,-2.0000,
83206759,"Galaxy Note 5 Battery",,2.0000,
83454114,"Reiko Stereo Headphones",,-16.0000,
83487163,"Blacklist Remove (not carrier unlock)",,-17.0000,
83492333,"LG G6",,0.0000,
83514066,"Universal Tab 8 case""",,-1.0000,
83593748,"Blu Studio G3",,0.0000,
83708665,"Lenovo Laptop Charger",,-1.0000,
83848350,"OtterBox - Symmetry Case for Samsung Galaxy S10 Plus - Tonic Violet",,1.0000,
83856160,"Braven Balance B.Tooth Speaker",,-1.0000,
83929810,"Motorola Moto E5 Play XT1921-5 XT1921-2 LCD",,-4.0000,
83957869,"Otterbox - Symmetry Case for Apple iPhone Xs Max - Tonic Viole",,0.0000,
840056100435,"Mophie - PowerBoost XL power bank 20,800 mAh - black",,2.0000,
840056100442,"Mophie - PowerBoost XL power bank 10,400 mAh - black",,15.0000,
840056101517,"Mophie - Type A to type C cable 10ft - Black",,2.0000,
840056101562,"Mophie - Type A to Apple lighting cable 10ft - Black",,1.0000,
840056126398,"Mophie Wireless Charger 15W",,-1.0000,
840104215159,"OtterBox - Defender Case for Apple iPhone 12 mini - Black",,1.0000,
840104215166,"OtterBox - Defender Case for Apple iPhone 12 mini - Varsity Blues",,1.0000,
840104215173,"OtterBox - Defender Case for Apple iPhone 12 mini - Berry Potion",,1.0000,
840104215180,"OtterBox - Defender Case for Apple iPhone 12 mini - Teal Me About It",,1.0000,
840104215197,"OtterBox - Commuter Antimicrobial Case for Apple iPhone 12 mini - Black",,1.0000,
840104215210,"OtterBox - Commuter Antimicrobial Case for Apple iPhone 12 mini - Ballet Way",,1.0000,
840104215500,"OtterBox - Otter Pop Symmetry Case with PopSockets Swappable PopGrip for Apple iPhone 12 mini - Black",,1.0000,
840104215524,"OtterBox - Otter Pop Symmetry Case with PopSockets Swappable PopGrip for Apple iPhone 12 mini - White Marble",,1.0000,
840104215531,"OtterBox - Otter Pop Symmetry Case with PopSockets Swappable PopGrip for Apple iPhone 12 mini - Violet Dusk",,1.0000,
840104215685,"OtterBox - Defender Case for Apple iPhone 12 / 12 Pro - Black",,1.0000,
840104215692,"OtterBox - Defender Case for Apple iPhone 12 / 12 Pro - Varsity Blues",,1.0000,
840104215715,"OtterBox - Defender Case for Apple iPhone 12 / 12 Pro - Teal Me About It",,1.0000,
840104215722,"OtterBox - Commuter Antimicrobial Case for Apple iPhone 12 / 12 Pro - Black",,1.0000,
840104215746,"OtterBox - Commuter Antimicrobial Case for Apple iPhone 12 / 12 Pro - Ballet Way",,1.0000,
840104216033,"OtterBox - Otter Pop Symmetry Case with PopSockets Swappable PopGrip for Apple iPhone 12 / 12 Pro -  Black",,0.0000,
840104216057,"OtterBox - Otter Pop Symmetry Case with PopSockets Swappable PopGrip for Apple iPhone 12 / 12 Pro -  White Marble",,1.0000,
840104216064,"OtterBox - Otter Pop Symmetry Case with PopSockets Swappable PopGrip for Apple iPhone 12 / 12 Pro -  Violet Dusk",,1.0000,
840104216170,"OtterBox - Defender Case for Apple iPhone 12 Pro Max - Black",,1.0000,
840104216187,"OtterBox - Defender Case for Apple iPhone 12 Pro Max - Varsity Blues",,0.0000,
840104216194,"OtterBox - Defender Case for Apple iPhone 12 Pro Max - Berry Potion",,1.0000,
840104216200,"OtterBox - Defender Case for Apple iPhone 12 Pro Max - Teal Me About It",,0.0000,
840104216217,"OtterBox - Commuter Antimicrobial Case for Apple iPhone 12 Pro Max - Black",,1.0000,
840104216231,"OtterBox - Commuter Antimicrobial Case for Apple iPhone 12 Pro Max - Ballet Way",,1.0000,
840104216521,"OtterBox - Otter Pop Symmetry Case with PopSockets Swappable PopGrip for Apple iPhone 12 Pro Max - Black",,1.0000,
840104216545,"OtterBox - Otter Pop Symmetry Case with PopSockets Swappable PopGrip for Apple iPhone 12 Pro Max - White Marble",,1.0000,
840104216552,"OtterBox - Otter Pop Symmetry Case with PopSockets Swappable PopGrip for Apple iPhone 12 Pro Max - Violet Dusk",,1.0000,
840104219768,"OtterBox - Defender Case for Apple iPhone 12 mini - Realtree Edge Black",,1.0000,
840104219775,"OtterBox - Commuter Antimicrobial Case for Apple iPhone 12 mini - Ocean Way",,1.0000,
840104219829,"OtterBox - Otter Pop Symmetry Case with PopSockets Swappable PopGrip for Apple iPhone 12 mini - Daydreamer",,1.0000,
840104219836,"OtterBox - Otter Pop Symmetry Case with PopSockets Swappable PopGrip for Apple iPhone 12 mini - Clea",,1.0000,
840104219874,"OtterBox - Defender Case for Apple iPhone 12 / 12 Pro - Realtree Edge Black",,1.0000,
840104219881,"OtterBox - Commuter Antimicrobial Case for Apple iPhone 12 / 12 Pro - Ocean Way",,1.0000,
840104219935,"OtterBox - Otter Pop Symmetry Case with PopSockets Swappable PopGrip for Apple iPhone 12 / 12 Pro -  Daydreame",,1.0000,
840104219942,"OtterBox - Otter Pop Symmetry Case with PopSockets Swappable PopGrip for Apple iPhone 12 / 12 Pro -  Clear",,0.0000,
840104219980,"OtterBox - Defender Case for Apple iPhone 12 Pro Max - Realtree Edge Black",,1.0000,
840104220047,"OtterBox - Otter Pop Symmetry Case with PopSockets Swappable PopGrip for Apple iPhone 12 Pro Max - Daydreamer",,1.0000,
840104220054,"OtterBox - Otter Pop Symmetry Case with PopSockets Swappable PopGrip for Apple iPhone 12 Pro Max - Clear",,1.0000,
840104223970,"OtterBox - Otter Pop Symmetry Case with PopSockets Swappable PopGrip for Apple iPhone 12 mini - Stardus",,1.0000,
840104224526,"OtterBox - Otter Pop Symmetry Case with PopSockets Swappable PopGrip for Apple iPhone 12 / 12 Pro -  Stardust",,1.0000,
840104225073," OtterBox - Otter Pop Symmetry Case with PopSockets Swappable PopGrip for Apple iPhone 12 Pro Max - Stardust",,1.0000,
840472240562,"Powerboost Mini Power Bank 2,600 mAh - White",,1.0000,
840472240579,"Powerboost Power Bank 5,200 mAh - Black",,1.0000,
840472240586,"Powerboost Power Bank 5200 mAh - White",,1.0000,
84170807,"Galaxy s5 lcd",,-1.0000,
84377788,"LCD for LG",,-1.0000,
84489527,"iPhone xr rear camera ",,-1.0000,
845126020460,"BTST07 bluetooth headset",,-3.0000,
845126020514,"Everyday active sport earphone",,-1.0000,
845126021771,"Extra Bass stereo headset",,-1.0000,
845126022624,"Super Bass stereo Headset",,-1.0000,
845126040666,"Sport Earphone IBUD07",,-1.0000,
845126085322,"Super Bass HQ earphone",,-2.0000,
845126087050,"Instyle wireless earphone",,-1.0000,
846127179683,"Karet Rosegold",,1.0000,
846127180269,"Karat Petals Case for Apple iPhone XS Max - Ditsy Flowers",,2.0000,
846127180849,"Sheet Crystal",,1.0000,
846127182591,"Tough Clear Bumper Case for Apple Watch 42mm / 44mm - Clear",,-1.0000,
846127184540,"Hook Ups Leather Case with Neck Strap for Apple Airpods - Blush",,-1.0000,
846127185295,"Hook Ups Leather Case with Neck Strap for Apple Airpods - Clear",,-1.0000,
846127185301,"Hook Ups Leather Case with Neck Strap for Apple Airpods - Black",,0.0000,
846127185349,"Hook Ups Leather Case with Neck Strap for Apple Airpods - Living Coral",,0.0000,
846127185356,"Hook Ups Leather Case with Neck Strap for Apple Airpods - Black",Black,-1.0000,
846127185363,"Hook Ups Leather Case with Neck Strap for Apple Airpods - Tobacco Brown",,0.0000,
846127185578,"Twinkle Case for Apple iPhone 11 Pro - Stardust",,-1.0000,
846127185592,"Waterfall Case for Apple iPhone 11 Pro - Gold",,0.0000,
846127185929," Twinkle Case for Apple iPhone 11 Pro Max - Stardust",,-1.0000,
846127187572,"Waterfall Case for Apple iPhone 11 Pro - Iridescent",,1.0000,
846127187688,"Waterfall Case for Apple iPhone 11 - Iridescent",,0.0000,
846127187794,"Waterfall Case for Apple iPhone 11 Pro Max - Iridescent",,1.0000,
846127196451,"Case-Mate - Wallet Folio Case with MicroPel for Apple iPhone 12 mini - Black",,1.0000,
846127196567,"Case-Mate - Twinkle Case with MicroPel for Apple iPhone 12 mini - Gold",,0.0000,
846127196574,"Case-Mate - Twinkle Case with MicroPel for Apple iPhone 12 mini - Ombre Stardust",,1.0000,
846127197069,"Case-Mate - Twinkle Case with MicroPel for Apple iPhone 12 / 12 Pro -  Ombre Confetti",,0.0000,
846127197090,"Case-Mate - Twinkle Case with MicroPel for Apple iPhone 12 mini - Ombre Black",,0.0000,
846127198646,"Case-Mate - Twinkle Case with MicroPel for Apple iPhone 12 mini - Confetti",,0.0000,
84695814,"Otterbox - Commuter Case for Apple iPhone Xs / X - Bespoke Way",,2.0000,
848467044768,"iFrogz-plugz in ear wired headphone- blue",,15.0000,
848467044782,"Plugz In-ear Wired Headphone - Red",,4.0000,
848467044799,"Plugz In Ear Wired Headphones - Silver",,20.0000,
848467064650,"Flex Force In Ear Bluetooth Headphones - White",,0.0000,
848467064681,"Toxix Over Ear Bluetooth Headphones - Black",,0.0000,
848467064698,"Toxix Over Ear Bluetooth Headphones - White",,2.0000,
848467065008,"Toxix Over Ear Bluetooth Headphones - Red",,4.0000,
848467092264,"Airtime True Wireless In Ear Bluetooth Earbuds - Blue",,1.0000,
848467094954,"iFrogz- Airtime pro true wireless earbads (black)",,2.0000,
848467094961,"iFrogz- Airtime pro true wireless earbads (White)",,0.0000,
848467094978,"iFrogz- Airtime pro true wireless earbads (blue)",,1.0000,
84878570,"SONY Fashion Earbuds",,-3.0000,
84907159,"36W Microsoft Surface Pro 4 charger",,2.0000,
84964498,"Alcatel LINKZONE 4G LTE Hotspot (TMO)",,-1.0000,
85049285,"Note 3 LCD",,0.0000,
85054278,"iPhone XS 64 GB",,-2.0000,
85094315,"11 PRO QUBE",,3.0000,
85180859,"Galaxy J3 luna pro (Total wireless $50 plan)",,0.0000,
85275175,"Universal Phone Battery Charger",,-1.0000,
85422119,"iPhone 6s 16GB Refurbished",,-1.0000,
85472179,"A20 LCD",,-14.0000,
85599749,"Otterbox - Symmetry Case for Apple iPhone Xs / X - Fine Por",,0.0000,
85984714,"Samsung A5 Battery",,1.0000,
86010194,"OtterBox - Symmetry Case for Samsung Galaxy S10 - Ivy Meadow",,1.0000,
86279836,"zte blade z with $25 smpl mobile plan",,-1.0000,
86306948,"Pop Socket Try me",,-19.0000,
8676426096684,"iPhone 6 LCD Black",,2.0000,
86871323,"PS4 Pro",,-1.0000,
86899309,"Simplemobile Hotspot",,-1.0000,
86977971,"Apple iPad 5th Gen. 32GB, Wi-Fi + Cellular (Unlocked)",,0.0000,
87140518,"ASUS ZenPad Z8S ZT582KL P00J LCD",,1.0000,
87297241,"LG Stylo 2 plus LCD",,1.0000,
87405590,"Samsung C-type travel adapter",,-3.0000,
87807678,"iPad Adapter",,27.0000,
878615035669,"Skullcandy - Inkd 2.0 Micd In Ear Wired Headphones - Black",,4.0000,
878615035676,"Skullcandy - Inkd 2.0 Micd In Ear Wired Headphones - Black and Red",,5.0000,
878615035683,"Skullcandy - Inkd 2.0 Micd In Ear Wired Headphones - Blue and Black",,5.0000,
878615054523,"SkullCandy Inkd with Mic & Remote",,-8.0000,
878615081314,"Skullcandy - Inkd 2.0 Micd In Ear Wired Headphones - Grey and Mint",,5.0000,
878615083004,"Method Wireless In Ear Bluetooth Headphones - Navy",,0.0000,
878615085350,"Inkd 2.0 Bluetooth Headphone - Black and Red",,-1.0000,
878615087736,"Skullcandy - Inkd 2.0 Micd In Ear Wired Headphones - Grey",,5.0000,
878615091375,"Jib In Ear Wired Headphones - White and Black",,1.0000,
878615091382,"Jib In Ear Wired Headphones - Black",,12.0000,
878615093225,"Riff Wireless On Ear Bluetooth Headphones - Black",,0.0000,
878615098428,"Skullcandy - Jib In Ear Wireless Headphones - Black",,15.0000,
87946080,"Samsung Galaxy Tab A 10.1 T580 Black 16GB-With Samsung Evo Plus 32GB Sd Card ",,-1.0000,
8809466648212,"Essential Wireless Charging Pad 10W - Black",,1.0000,
8809466649264,"Teka Strap for Apple Airpods - White",,3.0000,
8809565303395,"Essential Wireless Charging Pad 10W - White",,4.0000,
8809565305658,"Slim Armour",,1.0000,
88203453,"Galaxy Buds",,3.0000,
88319406,"BLU Studio J2",,0.0000,
88419396,"iPhone xs 256 GB Gold Refurbished",,0.0000,
88459124,"Samsung Note 9 (A Stock)",,1.0000,
88630480,"Gigastone 32 GB Flashdrive",,1.0000,
88640525,"iPhone 11 64 GB unlocked",,-7.0000,
887276239606,"Samsung Level Active",,-9.0000,
88728848,"iphone 6 64GB Refurbished","Space Gray",0.0000,
88728848,"iphone 6 64GB Refurbished",Gold,1.0000,
88728848,"iphone 6 64GB Refurbished",Silver,0.0000,
88761189,"Iphone 8 Plus 64GB Refurbished Unlocked","Space Grey",1.0000,
88761189,"Iphone 8 Plus 64GB Refurbished Unlocked","Product Red",-12.0000,
888462804912,"Power Beats 3 Wireless",,-1.0000,
88873919,"Lenovo Thinkpad T460 Intel Core i5-6200",,1.0000,
88887479,"Amazone Fire 8",,-1.0000,
889466648212,"Spigen-Essential Wireless charging pad 10w- Black",,4.0000,
88971374,"Microsoft Surface Earbuds",,-1.0000,
88973072,"Galaxy Note 9 64GB",,-1.0000,
88999085,"Otterbox - Symmetry Case for Apple iPhone Xs / X - Ivy Meadow",,1.0000,
89048985,"iMac (Refurbished) ",,-13.0000,
89302469,"solar powerbank 10000",,3.0000,
89806867,"TCL A1 Phone with $25 SMPL plan",,-3.0000,
89974821,"Zte z982 lcd",,-4.0000,
90184128,"Zte z232 SMPL mobile $25 PLAN",,1.0000,
90258653,"Tenda Wireless N USB Adapter",,5.0000,
90376117,"iphone 7 battery Case",,-1.0000,
90534636,"Iphone xs 64 GB Refurbished",,-9.0000,
90642061,"Galaxy Note 8 Battery",,1.0000,
90668756,"Kindle Fire 7 (8GB)",,-3.0000,
90679202,"Galaxy S4 LCD ",,-2.0000,
91303934,"Lenovo - IdeaPad S145 15.6"" Laptop - AMD A6-Series",,-1.0000,
91406733,"EMTEC 64GB SD card",,-4.0000,
91652500,"Samsung J5 Battery",,6.0000,
91661254,"OtterBox - Commuter Case for Apple iPhone 8 / 7 -  Black",,-1.0000,
91696738,"Apple Earpods OEM IP6",,-2.0000,
91823390,"Samsung Galaxy A9",,-1.0000,
91863104,"Galaxy A51",,-1.0000,
91912792,"Galaxy Note 4 Battery",,-2.0000,
92006459,"ipop bluetooth headphone",,6.0000,
92076794,"16 GB RAM",,1.0000,
92083291,"A03 Core",,-1.0000,
92359739,"NOKIA 3V",,-1.0000,
92566316,"Motorola E6 + SMPL $30 plan",,-1.0000,
92719074,"Alcatel 871A",,-1.0000,
92802376,"Samsung Galaxy J6+ 32GB",,-1.0000,
92958435,"Ipad Air 2 Battery",,0.0000,
92998728,"Spigen - Rugged Armor Case for Apple AirPods Pro - Black",,2.0000,
93119726,"Power wireless Headphones",,-6.0000,
93152937,"Galaxy A01",,-6.0000,
93632586,"Samsung Galaxy M21s",,-1.0000,
93778143,"Skullcandy - Sesh True Wireless In Ear Earbuds - Black",,2.0000,
93851569,"Samsung S7 Back door glass",,-1.0000,
93923578,"iPhone 5C Battery",,0.0000,
94009642,"HDMI Cable",,12.0000,
94266296,"JBL - Charge 4 Waterproof Bluetooth Speaker - Gray",,1.0000,
94478438,"Samsung J3 LCD",,-16.0000,
94630296,"iPhone 4 LCD ",Black,-1.0000,
94873721,"iPhone 7 Battery",,-26.0000,
94965822,"Samsung Galaxy S9 plus LCD",,-6.0000,
95031989,"PS5 Hdmi Port",,-2.0000,
95060362,"Galaxy A50",,0.0000,
95733537,"Hard Drive for Computer 1TB",,-3.0000,
95829700,"Hypergear portable charger 10050 mAh",,-16.0000,
95856311,"Zte Z981 LCD",,-5.0000,
96222005,"iPhone 8 Charging Port Replacement",,-9.0000,
96326331,"Samsung Active User Bundle",,-1.0000,
96336027,"Amazon Fire HD 8 (New)",,-3.0000,
963996100,"11 pro max",,-2.0000,
96490722,"JBL  DUETARC ",,-2.0000,
96517325,"ZenPad Z8S ZT582KL P00J",,-1.0000,
96627502,"OtterBox - Symmetry Case for Samsung Galaxy S10 - Tonic Violet",,1.0000,
96692411,"3.5mm Aux Cable Male-Male",,-4.0000,
96707334,"iPad 4th Gen",,-1.0000,
96958823,"Samsung Watch Active 2",,-1.0000,
97060276,"Iphone Chanell case",,6.0000,
97125878,"galaxy tab e 9.6",,0.0000,
97252408,"LG LCD (LGMS210)",,-6.0000,
97373512,"Apple watch charger",,-2.0000,
97465264,"INLAND HDD Enclosure 2.0",,7.0000,
97472596,"Samsung evo 128 GB SD card",,-2.0000,
97674514,"Sandisk 128GB SD Card",,-7.0000,
97701278,"A1446 HEADPHONE JACK - A1446 HEADPHONE JACK",,-3.0000,
97965064,"LG Battery",,-5.0000,
97974641,"Samsung Note 5 LCD ","Blue Saphire",1.0000,
97974641,"Samsung Note 5 LCD ",Blck,-2.0000,
98435565,"Galaxy A10s",,-5.0000,
98622111,"Samsung S9 LCD",,-7.0000,
98644055,"Phone ring",,-7.0000,
98929338,"OtterBox - Commuter Case for Apple iPhone 8 / 7 -  Indigo Way",,1.0000,
99098715,"Samsung J3 Battery",,2.0000,
99169856,"Otterbox - Commuter Case for Apple iPhone Xs Max - Bespoke Way",,1.0000,
99185473,"Smasung J2 core",,1.0000,
99402731,"JBL - Charge 4 Waterproof Bluetooth Speaker - Black",,1.0000,
99448670,"Samsung Laptop 14"" NP-QX410-J01US Core i5 480M @2.67GHz 4GB RAM Win 10 +Warranty Samsung Laptop 14"" NP-QX410-J01US Core i5 480M @2.67GHz 4GB RAM Win 10 ",,-1.0000,
99594869,"Logitech® M325 Wireless Optical Mouse",,0.0000,
99608415,"Otterbox - Commuter Case for Apple iPhone Xs Max - Ballet Wa",,0.0000,
99695705,"HP Elite book Core i5",,1.0000,
99738962,"Ipad Air 1",,0.0000,
99825767,"Galaxy j7 sky pro",,0.0000,
99837770,"Motorola one Hyper",,0.0000,
9996119307849,"iPhone 5C LCD Black",,2.0000,
99999999,"Miscellaneous ",,-3.0000,
B188253471006,"iPhone 6S+ LCD Black",,-4.0000,
B238602913088,"iPhone 11 LCD",,-1.0000,
B258062724851,"iPhone 7+ LCD White",,-2.0000,
B282019180142,"iPhone XR LCD",,-99.0000,
B350457601249,"iPhone 7 LCD White",,-1.0000,
B381632312304,"iPhone 6S LCD White",,-3.0000,
B447710396101,"iPhone 6S LCD Black",,-2.0000,
B592448108312,"iPhone 8 LCD White",,-10.0000,
B644544666839,"iPhone 8+ LCD White",,-10.0000,
B805121113856,"iPhone 8+ LCD Black",,-12.0000,
B850155224402,"iPhone 11 Pro Max LCD",,-26.0000,
B851989375220,"iPhone 5 LCD Black",,2.0000,
B907648276123,"iPhone 5 LCD White",,2.0000,
C111279293325,"iPhone 5S/SE LCD Black",,1.0000,
C135211019275,"iPhone 6 LCD White",,1.0000,
C155908460973,"iPhone 5S/SE LCD White",,0.0000,
C226359160070,"iPhone 11 Pro LCD",,-16.0000,
C280038736779,"iPhone 6S+ LCD White",,-4.0000,
C371427495486,"iPhone 7 LCD Black",,-11.0000,
C394001382928,"iPhone X LCD",,-45.0000,
C690667652578,"iPhone 7+ LCD Black",,-10.0000,
C723184219675,"iPhone 8 LCD Black",,-176.0000,
C913600972177,"iPhone 6+ LCD White",,3.0000,
C933614004760,"iPhone XS Max LCD",,-17.0000,
C972718459683,"iPhone XS LCD",,-3.0000,
C990336507881,"iPhone 6+ LCD Black",,2.0000,
"J260T1 LCD","J260T1 LCD",,-1.0000,
"Laptop Battery","Laptop Battery",,-5.0000,
PS4,"PS4 - 1TB NEW",,-4.0000,
"PS4 HDMI","PS4 HDMI",,-25.0000,
REDO,REDO,,-27.0000,
"Toshiba Charger","Toshiba Charger",,-1.0000,
