Product Code,Product Name,Variant,Expected,Counted
148321,OtterBox - Symmetry Clear Case for Samsung Galaxy S10 Plus - Love Triangle,,1,0
155797,OtterBox - Commuter Case for Apple iPhone 8 Plus / 7 Plus - Ocean Way,,0,0
226577,Amazon fire TV stick with KODI,,-2,0
369125,Logitech® M325 Wireless Mouse,,9,0
460948,Samsung Galaxy Note 8 64GB Refurbished,,-1,0
481314,IPHONE 8 PLUS CHARGING PORT,,-6,0
734850,INCIPIO Desktop Charging,,-4,0
978939,Galaxy s9 plus back glass,,-1,0
1004546,Dell Latitude E6440 Laptop,,1,0
1152822,Galaxy A32 128GB,,-1,0
1465085,"mophie - Power Boost Power Bank 2,600 mAh - Black",,5,0
1536489,iPad 2,,-2,0
1635200,apple watch series 2 battery,,-1,0
1673539,Alcatel Lumos,,-2,0
1755132,3.5 AUX with Mic,,-3,0
1917102,iPad Mini 2 Wifi (16GB) Refurbished,,-3,0
1958538,iPhone Headphone (BL),,-28,0
2069326,Iphone 8 plus back housing,,-4,0
2145705,iPad Mini 3 Digitizer,,-4,0
2221831,galaxy J737 lcd,,-14,0
2426923,Samsung Galaxy A7,,-1,0
2439863,Sony PS$ Refurbished,,-1,0
2888147,Samsung S9 Plus Battery,,2,0
2900482,Fashinoable Bluetooth Headset,,-4,0
3091048,iPad Power Adap OEM,,-7,0
31262086303,Tune In Sweat Resistant In-ear headphone - Gray and white,,1,0
31262087225,Hang Up Bluetooth Speaker - Black and Blue,,1,0
31262087461,Hangup Bluetooth Speaker - Black and Blue,,2,0
3192992,Samsung J7 Battery,,-5,0
3344066,OtterBox - Commuter Case for Samsung Galaxy S10 - Black,,2,0
33991058491,SoundKase Extra Large Armband - Black,,2,0
3415678,Aduro power up 8000,,0,0
3899978,Amazon Cloud Cam,,-2,0
4085782,Samsung Tab A6,,-1,0
4291121,lg l57bl,,-1,0
4317385,Tab A Cellular 8.0',,3,0
4375090,LG Fiesta LTE,,-1,0
4515524,Lenovo Thinkpad Laptop,,-1,0
4544543,Kazuna E talk,,-1,0
4624572,LG MS210 LCD,,-2,0
4635667,Samsung Gear VR,,-1,0
4798492,OtterBox - Symmetry Clear Case for Samsung Galaxy S10 Plus - Stardust,,1,0
4918736,Logitech Wireless Mouse (M325C),,-9,0
50036353397,JBL - Charge 4 water proof ,,2,0
50036353403,JBL- Charge 4 Waterproof bluetooh Speaker - Blue,,-3,0
50036353632,JBL- LIVE 400BT on ear Bluetooth Headphone-Black,,-1,0
50036353649,JBL- LIVE 400BT on ear Bluetooth Headphone-Blue,,1,0
50036353670,JBL- LIVE 400BT on ear Bluetooth Headphone-Red,,0,0
50036353687,JBL - LIVE 500BT over ear Bluetooth Headphone - Black ,,0,0
50036353694,JBL - LIVE 500BT over ear Bluetooth Headphone - Blue,,3,0
50036353724,JBL - LIVE 500BT over ear Bluetooth Headphone - Red,,-1,0
50036354165,Clip 3 Waterproof Bluetooth Speaker - Black,Blue,3,0
50036354165,Clip 3 Waterproof Bluetooth Speaker - Black,Red,0,0
050036354165 0,JBL - Clip 3 Waterproof Bluetooth Speaker - Blue,,1,0
50036354172,Clip 3 Waterproof Bluetooth Speaker - Red,,4,0
50036354196,JBL - Clip 3 Waterproof Bluetooth Speaker - Teal,,1,0
50036354288,Go 2 Waterproof Bluetooth Speaker - Black,Black,0,0
50036354288,Go 2 Waterproof Bluetooth Speaker - Black,Champagne Gold,0,0
50036354318,JBL- Go 2 Waterproof speaker - Gray,,0,0
50036354325,Go 2 Waterproof Bluetooth Speaker - Champagne Gold,,0,0
50036355469,JBL T Series T110 In Ear Wired Headphones - Black,,51,0
50036355483,JBL - T Series T110 Ear Wired Headphones - Blue,,26,0
50036355506,T Series T110BT In Ear Bluetooth Headphones - Black,,1,0
50036355513,T Series T110BT In Ear Bluetooth Headphones - White,,0,0
50036355520,T Series T110BT In Ear Bluetooth Headphones - Blue,,-1,0
50036355568,JBL - T Series T205 In Ear Wired Headphones - Black,,21,0
50036355582,JBL - T Series T205 In Ear Wired Headphones - Rose Gold,,-4,0
50036355599,JBL - T Series T205 In Ear Wired Headphones - Champagne Gold,,23,0
50036355674,JBL-T Series T500BT on ear bluetooth Headphone - Black ,,0,0
50036355711,JBL- T Series T600BTNC on Ear Headphone - Black,,0,0
50036355773,Endurance Run Waterproof In Ear Wired Headphones - Black,,13,0
50036355780,Endurance Run Waterproof In Ear Wired Headphones - Blue,,16,0
50036355797,Endurance Run Waterproof In Ear Wired Headphones - Red,,11,0
50036358644,T Series T205BT In Ear Bluetooth Headphones - Champagne Gold,,5,0
50036358668,T Series T205BT In Ear Bluetooth Headphones - Blue,,8,0
50036359276,Flip 5 Waterproof Bluetooth Speaker - Blue,,3,0
50036359283,Flip 5 Waterproof Bluetooth Speaker - Red,,0,0
50036359290,Flip 5 Waterproof Bluetooth Speaker - Grey,,0,0
50036361088,Flip 5 Waterproof Bluetooth Speaker - Black,Black,-1,0
50036361088,Flip 5 Waterproof Bluetooth Speaker - Black,Gray,0,0
50036362313,JBL - pulse 4 waterproof Speaker ,,1,0
50036364881,JBL - Tune 115BT Wireless Earbuds,,4,0
50036365116,JBL - Live 300TWS True Wireless In Ear Bluetooth Headphones - Black,,2,0
50036369091,JBL - Tune 700BT over Ear Bluetooth Headphones,,0,0
50036374033,JBL - Tune 225 True Wireless Earbud Bluetooth Headphones - Black,,3,0
50036374262,JBL- Go 3 waterproof Speaker ,,2,0
5020479,STYLO 6 64GB,,-1,0
5081749,OtterBox - Symmetry Case for Samsung Galaxy S10 Plus - Ivy Meadow,,1,0
5163093,Generic Cases S7 Edge,,-19,0
5297479,alcatel 1B ,,-3,0
5807362,Alcatel Glimpse,,-2,0
5838092,Iphone Versus case,,10,0
6004982,Apple Watch Band,,-2,0
6153941,Samsung Galaxy Halo,,2,0
6243732,Samsung Fast Adapter,,-4,0
6472890,Generic Tablet Digitizer,,-6,0
6583738,Pet Speaker,,9,0
6678351,LG k30 tmobile LCD,,-2,0
6925103,Aristo 2 Plus LCD,,-1,0
7004753,iPhone 7 Lightning Adpater,,-5,0
7113875,OtterBox - Symmetry Clear Case for Samsung Galaxy S10 Plus - Gradient Energy,,1,0
7337094,USB Adapter IP OEM,,27,0
7476832,Samsung Galaxy Core Prime,,0,0
7483939,iPhone XS max 64 GB,,-1,0
7551943,Macbook Pro,,-2,0
7768998,Galaxy A20s,,2,0
7925273,iPhone 6S Plus 16GB (Refurbished),,0,0
8038772,iPhone 4S LCD ,Black,-1,0
8054046,DEVICE UNLOCK (CARRIER),,-29,0
8206564,iphone 7 plus 256GB Refurbished unlocked,Jet Black,1,0
8206564,iphone 7 plus 256GB Refurbished unlocked,Prroduct Red,-1,0
8245412,Microsoft Surface Book 1703 1704 Pixelsense LCD Touch Screen Assembly USA,,-1,0
8307400,"15.6"" laptop case",,-1,0
8441087,Samsung J2 Battery,,0,0
8455825,samsung galaxy j8,,0,0
8643794,Samsung Lcd SM-A750G,,-2,0
8.78615E+11,Jib In Ear Wired Headphones - White and Black,,10,0
8803802,Zte Blade Z,,-7,0
8890616,"Belkin - Boost Up Charge Multi Port Power Bank 10,000 mAh - Black",,4,0
9071612,Galaxy J7 sky pro (Total wireless $50 plan),,0,0
9167549,Gogroove Bass Pulse 2.1,,-1,0
9264681,Z981 Battery,,-1,0
9403251,Galaxy J7 crown,,-9,0
9495331,Skullcandy - Indy True Wireless In Ear Bluetooth Earbuds - Black,,3,0
9673514,Genuine Dell Inspiron 3264 Capacitive Touch Digitizer YP78X 0YP78X,,1,0
9694546,"mophie - Power Boost XXL Power Bank 20,800 mAh -  Black",,2,0
9871738,OtterBox - Symmetry Case for Samsung Galaxy Note 9 - Black,,1,0
9910059,iPhone 6S Plus Battery,,-44,0
10000004,Galaxy S6 Edge,,0,0
10000006,Galaxy S7,,0,0
10000007,Galaxy S7 Edge,,-1,0
10000008,Galaxy S8,,-1,0
10000009,Galaxy S8 +,,0,0
10000016,Galaxy J7,,-3,0
10000017,Galaxy J7 Prime 16GB,,0,0
10000018,Galaxy J3,,-1,0
10000022,iPhone 4,,-1,0
10000024,iPhone 5,,-2,0
10000025,iPhone 5S Unlocked Refurbished,,0,0
10000027,iPhone 6 16GB (New),,-1,0
10000028,iPhone 6 Plus,,1,0
10000029,iPhone 6S,,-20,0
10000030,iPhone 6S Plus,,-7,0
10000031,iPhone 7 32GB Refurbished Unlocked,,-13,0
10000032,iPhone 7 Plus,,-15,0
10000033,iPhone 8,,-15,0
10000034,iPhone 8 Plus,,-8,0
10000035,iPhone X 64 GB Refurbished ,Black,-22,0
10000035,iPhone X 64 GB Refurbished ,Silver,2,0
10000036,Bluetooth Speaker,,-20,0
10000037,Speaker,,0,0
10000038,Misc.,,-4708,0
10000039,Car Mount,,-14,0
10000043,Samsung Wireless Charger,,-5,0
10122652,Samsung Active Headphones,,-1,0
10265609,Alacatel B1,,-2,0
10275596,Blu C6,,0,0
10353288,iPad Battery,,-3,0
10436940,inland intruder alert,,-2,0
10567056,APPLE MacBook Air 13 A1369 2011 i5 1.7GHz 4GB Logic Board Motherboard 820-3023-A,,1,0
1.07082E+11,iPhone 12/12 Pro LCD,,-10,0
1.07082E+11,iPhone 12 Mini LCD,,-3,0
1.07082E+11,iPhone 12 Pro Max LCD,,0,0
10816366,LCD Replace/Repair,,-9,0
10828710,iPhone 6S Plus (32GB),,-2,0
10961958,samsung charging cable,,-3,0
10963093,LG rebel 2 (SMPL Mobile $30 Plan),,0,0
11056958,Galaxy s9 rear camera,,0,0
11465883, Z Play XT1635-01 LCD,,0,0
11519181,Spigen - Tough Armor Case for Apple AirPods - Charcoal,,2,0
11556598,Logitech Wireless Keyboard+Mouse,,-5,0
11627841,iPhone 11 Pro 256GB Refurbished,,-1,0
11978736,Magnet Car Mount,,-3,0
12020078,Galaxy A70 128GB,,-2,0
12070413,Samsung Galaxy S9 Plus,Black,-3,0
12070413,Samsung Galaxy S9 Plus,Blue,1,0
12070413,Samsung Galaxy S9 Plus,Purple,0,0
12144102,Airpods Pro,,-1,0
12225838,Ethernet Cable,,-5,0
123,case and temper glass,,-1,0
1234,simple mobile phone,,-8,0
12395359,iPhone XR 64gb refurbished,,-10,0
12453537,iphone xs 256 GB NEW,,0,0
12619133,iPhone XR charging port,,-1,0
12655772,Galaxy S8 Plus LCD,,-20,0
12763892,iPad Air Digitizer,,-8,0
13044189,iPad mini Digitizer,,-18,0
13077544,HP Laptop,,-1,0
131313,iPhone 13,,-1,0
13138190,HTC 10 Evo ,,-1,0
13171716,Galaxy A01 core,,-12,0
13221086,Samsung S8 Plus Back door glass,,-17,0
13274368,iphone 6s Charging port,,-4,0
1341324134,Samsung J727 LCD ,,-12,0
13440263,Samsung S7 Edge Charging Port,,-1,0
13500001,Playstation VR Bundle,,1,0
14394524,2M Cable IP5/6 OEM,,24,0
14500802,Samsung S8 headphone (AKG IG-955),,-6,0
14724960,iPhone 12 Pro Max 256GB,,0,0
15029436,Lg Phoenix 3 (ATT),,2,0
15136580,JBL - Clip 3 Waterproof Bluetooth Speaker - Gray,,-1,0
15291259,Samsung Note 5 Back door glass,,-1,0
15567557,iphone 7 rear camera,,-1,0
15580164,Toshiba Portable Hard Drive,,-4,0
15613382,1M Cable IP5/6 OEM,,80,0
15723729,Belkin - Wireless Charging Pad 10W - Black,,2,0
15914670,Samsung s6 Edge LCD ,Blue,1,0
15914670,Samsung s6 Edge LCD ,Black,-4,0
16292156,Otterbox - Symmetry Case for Apple iPhone Xs Max - Black,,0,0
16621089,Galaxy J4+ 16 GB,,-1,0
16789122,Samsung Galaxy S8 (Refurbished),,-1,0
17271426,Galaxy S8 Battery,,-2,0
17477021,LG X220PM,,-1,0
17507189,iPhone Back Camera Glass,,-1,0
17525177,SmartWatch ,,-3,0
17540701,Flip 2,,2,0
17545513,Rebel 3 with $25 SMPL mobile plan,,-1,0
17547048,Car Universal Holder,,-3,0
17559817,BLU Dash M2,,-1,0
17664116,iPhone 7 Plus Charging Port,,-17,0
17668889,Belkin Car Charger IP,,-2,0
18107956,Galaxy j3 orbit,,-5,0
18117013,iPhone 7 Headphone,,44,0
18212006,Samsung Fast Charger,,-37,0
18251246,"Lenovo 110-15ISK 15.6"" Laptop - Intel Core i3 - 6GB Memory - 1TB Hard Drive",,-1,0
18254468,OtterBox - Commuter Case for Samsung Galaxy S10 Plus - Bespoke Way,,1,0
18309917,Macbook Pro Battery,,0,0
18444618,IPhone 8 Plus 256GB Refurbished,Black,-3,0
18444618,IPhone 8 Plus 256GB Refurbished,Gold,2,0
18444618,IPhone 8 Plus 256GB Refurbished,Silver,0,0
18728028,AIRPODS PRO,,-1,0
18868541,Samsung 1350 Bluetooth headphone,,0,0
1.91058E+11,UA Protect Dry Bag - Black and Clear,,3,0
1.91058E+11,Incipio-Ghost110 Wireless Charging pad 5W-Black,,2,0
1.91058E+11,Kate Spade - Hardshell Case for Apple iPhone 12 mini - Hollyhock Floral,,1,0
1.91058E+11,Kate Spade - Hardshell Case for Apple iPhone 12 / 12 Pro - Hollyhock Floral,,1,0
1.91058E+11,Kate Spade - Hardshell Case for Apple iPhone 12 Pro Max - Hollyhock Floral,,1,0
1.91058E+11,Kate Spade - Hardshell Case for Apple iPhone 12 mini - Daisy,,1,0
1.91058E+11,Kate Spade - Hardshell Case for Apple iPhone 12 / 12 Pro - Daisy,,1,0
1.91058E+11,Kate Spade - Hardshell Case for Apple iPhone 12 Pro Max - Daisy,,1,0
1.91058E+11,Kate Spade - Hardshell Case for Apple iPhone 12 mini - Scattered Flowers,,1,0
1.91058E+11,Kate Spade - Hardshell Case for Apple iPhone 12 / 12 Pro - Scattered Flowers,,1,0
1.91058E+11,Kate Spade - Hardshell Case for Apple iPhone 12 Pro Max - Scattered Flowers,,1,0
19128899,Apple Watch Series 3 38mm,,0,0
19147381,galaxy s9 back glass,,-8,0
19160528,ZTE Z222,,-1,0
19284650,Samsung Galaxy J2 Prime,,-1,0
19303320,INSTALLATION CHARGE,,-2,0
19360684,Galaxy Note 3 Battery,,2,0
19696300,Otterbox - Symmetry Case for Apple iPhone Xs Max - Tonic Violet,,1,0
19779061,Note 10 plus headphone,,-1,0
19936546,iphone flower case,,8,0
19961111,1M Cable IP XS MAX OEM,,-3,0
20049949,MacBook Air 13 Inch,,-1,0
20211309,Galaxy J7 Star ,,0,0
20255572,Huawei P Smart,,0,0
20380561,Ipad pro A1674 LCD,,-2,0
21035050,Motorola Power pack 4000,,-1,0
21068824,Apple Ipad 16 GB,,-1,0
21094319,iPhone 7 128GB Refurbished,Jet Black,3,0
21094319,iPhone 7 128GB Refurbished,Red,0,0
21094319,iPhone 7 128GB Refurbished,Black,-4,0
21581054,Transcend 8GB USB flash drive,,-1,0
21848408,iPhone 7 Plus 128GB Refurbished,Black,-5,0
21848408,iPhone 7 Plus 128GB Refurbished,Rose Gold,1,0
21848408,iPhone 7 Plus 128GB Refurbished,Red,-3,0
21848408,iPhone 7 Plus 128GB Refurbished,Silver,0,0
21848408,iPhone 7 Plus 128GB Refurbished,Gold,1,0
21949605,Galaxy J7 Neo 16GB,,0,0
22126341,Samsung phone cable,,-1,0
22170715,Moto G Pure,,-1,0
22311756,Samsung Galaxy A10e,,-2,0
22398603,Top Tech Kids Tab ,,-1,0
22577601,TracFone Flip phone,,-2,0
22580438, Galaxy A03s,,-3,0
22602047,ASUS K501UX,,2,0
22716320,iPhone SE 16GB Refurbished,,-4,0
22812391,Logitech MK235 Wirless Mouse & Keyboard Combo,,2,0
23100395,Generic Headphone,,-11,0
23109570,HP Pavillion Dv6,,-2,0
23216383,JBL FOCUS BT Headphones,,-6,0
23333208,ZTE Axon M,,2,0
23572741,Samsung J2 Pro,,-2,0
23592210,USB 3.0 Gigabit RJ45 Ethernet Lan Network Cable Adapter Hub,,5,0
23648899,Otterbox - Commuter Case for Apple iPhone Xs Max - Ocean Way,,0,0
23714620,LG Rebel 4 (with $25 plan),,-6,0
23721475,VTECH Home phone set,,-1,0
23723791,Spigen - Tough Armor Case for Apple AirPods - Black,,2,0
23924776,XBOX CONTROLLER,,-1,0
23983779,A30s,,-1,0
24079812,Tmobile sim card,,-1,0
24080383,Galaxy Note 9 Unlocked,,-1,0
24120861,Logitech® MK320 Wireless Desktop Keyboard/Mouse,,2,0
24187212,EVO 256 GB SSD,,-2,0
24242175,Iphone XR 256 GB,,1,0
24283905,COBY Mini Stereo,,-1,0
24327663,Otterbox - Symmetry Case for Apple iPhone Xs / X - On Fleck,,1,0
24602622,Samsung S9 Battery,,0,0
24702183,A1446 LCD - A1446 LCD ,,0,0
25017569,Diagnostics,,-1,0
25115200,Samsung Galaxy AMP Prime,,1,0
25174948,Screen Replacement,,-1,0
25185244,iPhone 6 Plus Charging Port,,-6,0
25273399,HP Elite book Core i7,,0,0
25298206,iphone gucci case,,0,0
25316227,Amazon Fire 7 Kids Edition,,-7,0
25417788,ipad pro 12.9 inch A1670 LCD,,-2,0
25525005,AC Power Adapter (Multi Functions),,-1,0
25532051,Otterbox - Commuter Case for Apple iPhone Xs / X - Ballet Way,,0,0
25803284,SONY Compact Style (MDR-EX110AP),,17,0
25820439,OtterBox - Commuter Case for Samsung Galaxy S10 - Ballet Way,,1,0
25839827,Skullcandy - Jib Active In Ear Wireless Headphones - Blac,,10,0
25884632,iPhone 5s Battery,,2,0
25890659,Otterbox - Symmetry Case for Apple iPhone Xs Max - Ashed For It,,0,0
25933770,Samsung J3 2017 Prime J327 LCD,black,1,0
25933770,Samsung J3 2017 Prime J327 LCD,sliver,2,0
26041944,iPhone Camera Lens,,-2,0
26321587,Galaxy M20,,0,0
26557212,Screen Protector,,-1E+11,0
26995259,iPhone 6 Plus Home button,,-5,0
27085652,Samsung Galaxy  J4 32GB,,-2,0
27169127,Otterbox - Commuter Case for Apple iPhone XR - Ocean Way,,0,0
27170827,Inland USB Mouse,,6,0
27430456,Dell E6530,,-1,0
27646566,Otterbox - Symmetry Case for Apple iPhone Xs / X - Fine Port,,1,0
27814536,Coolpad 3300A 4GB Black LCD AND DIGITIZER,,-1,0
27836671,SONY PS 4 1TB,,1,0
28174795,HP Laptop,,-4,0
28336439,Ipad mini 1 LCD,,1,0
28452994,Motorola 105 Bluetooth headphone with alexa,,4,0
28612410,iPad LCD and Digitizer ,Black,-22,0
28859500,Samsung Galaxy Tab E 8.0 T377T WiFi + 4G,,1,0
28931689,LG K20 LCD,,-3,0
28985585,Galaxy A51,,1,0
28997859,Samsung J6 32GB,,0,0
29116479,Motorola HK115,,-2,0
29262124,samsung U Headphones,,3,0
29290923,iPhone SE Battery,,3,0
29295201,LG K8V (VER) - with $40 plan,,0,0
29775050,Iphone 7 32 GB,,-4,0
29822100,OtterBox - Commuter Case for Apple iPhone 8 Plus / 7 Plus - Ballet Way,,1,0
29914775,Samsung S7 Edge Back Camera Lense,,-2,0
30121762,Air Pod Pro,,2,0
30392909,iPhone XS Max rear camera,,-1,0
30393339,HP Laptop (Refurbished),,-1,0
30402060,iPhone 6 16GB (Refurbished),,0,0
30418401,Otterbox - Commuter Case for Apple iPhone Xs / X - Black,,2,0
30418502,Unlock Service,,-4137,0
30438348,OtterBox - Symmetry Case for Samsung Galaxy Note 9 - Ivy Meadow,,1,0
30616578,Alcatel A 30 Plus,,1,0
30632467,Samsung galaxy s9 ,,-5,0
30997954,iphone XS Max 64GB Refurbished,,-3,0
31028459,alcatel volta,,-3,0
31044079,Air Pods 2,,-4,0
31047466,Xbox One S 1TB Console,,0,0
31089865,Galaxy S7 Battery,,1,0
31154554,OtterBox - Commuter Case for Apple iPhone 8 Plus / 7 Plus - Black,,-2,0
31256940,Tab Affix,,0,0
31486031,T&G bluetooth speaker,,3,0
31530910,Iphone XR 64 GB (Refurbished) ,,-3,0
31732374,HP EliteBook Folio 9480m i5-4210,,1,0
32048428,iPhone 6S 32GB Refurbished,Silver,0,0
32048428,iPhone 6S 32GB Refurbished,Space Gray,3,0
32229203,Sony Xperia,,0,0
32234568,iphone HP,,2,0
32415095,Galaxy A71,,0,0
32451579,iPhone 13 Pro Max 128GB Graphite,,-1,0
32627760,Generic Repair Parts ,,3,0
33010362,Printer Cable,,-1,0
33051102,OtterBox - Commuter Case for Apple iPhone 8 / 7 -  Ballet Way,,-1,0
33201519,Logitech® MK235 Wireless Optical Mouse And Keyboard,,2,0
3333333,MACBOOK AIR,,-3,0
34303758,Note 10 plus 256 GB,,1,0
34306037,Zte Max XL N9560 LCD,,1,0
34327665,portable Charger,,-7,0
34397630,Revvl Plus,,1,0
34479761,ZTE ZMAX Pro Z981 32GB Black,,-1,0
34493501,Samsung J7 Prime 32GB,,1,0
34537977,Zipper Earphones,,-1,0
34623850,iPhone 5S (16GB),,-1,0
34966131,REFLASH,,-1,0
3.50184E+14,Galaxy S20 FE,,0,0
35064481,Galaxy S7 Edge LCD,,-6,0
35114102,samsung tab 7 ,,-1,0
35136825,iPhone XR 64 GB,,-1,0
35164045,iPhone 7 Front Camera Flex Cable,,-4,0
35184965,Alcatel Tetra 16 GB,,-3,0
35317143,iPhone 6 Plus 64GB Certified Refurbished,,-1,0
35379132,Samsung J7 J727T1 LCD,,-4,0
35432799,type C to USB cable,,-4,0
35646102,iphone xr housing,,-2,0
3.56474E+14,iPhone SE 2020,,0,0
35761633,Galaxy S10 plus 512 GB,,0,0
35897695,Samsung S7 Edge Back door glass,,-1,0
35940745,Google - Home - Smart Speaker with Google Assistant,,2,0
36035938,Galaxy M30,,0,0
36044773,Verizon Ellipsis 8 QTAQZ3,,-1,0
36059855,LG Fortune,,-1,0
36360746,Samsung Galaxy Note 8 64 GB,,1,0
36517226,iPhone 8 Plus Battery,,1,0
36537715,Samsung S8 Back door glass,,-11,0
36627334,Android FRP Unlock,,-1E+11,0
36786004,Galaxy S6 Edge Battery,,3,0
36790076,PS 4 Repair/ HDMI Port Repair,,-18,0
36852921,iphone 7 plus 128 GB,,2,0
36870373,Motorola Boom2,,-3,0
37220910,iphone 7 headphone adapter ,,5,0
37225428,Galaxy S10 128GB ,,-2,0
37954142,Apple Watch Seies 3 38mm,,-2,0
38355760,iPhone 6s 128GB,,0,0
38454437,Beats Solo Red Headphone wired ,,-1,0
38567291,Galaxy S6 LCD ,,-5,0
38730830,Audster AUD-L660,,-1,0
38746257,iPhone 6 Home Button,,-18,0
38913049,LG 8X DVD WRITER,,2,0
38914037,I pad Mini,,2,0
39120878,Samusng J700 T1 LCD,,-3,0
39164266,ATT IPAD UNLOCK (CARRIER),,-1,0
39351801,LG journey,,-4,0
39499351,Otterbox - Symmetry Case for Apple iPhone Xs / X - Ashed For It,,1,0
39524077,Samsung S6 Back door glass,,-2,0
39725203,"mophie - Power Boost XL Power Bank 10,400 mAh -  Black",,-1,0
39836060,iPad Digitizer,,-1E+11,0
39873942,Amazon Fire TV 4K Ultra,,-2,0
39884685,urbeats earbuds,,0,0
39955976,AirPod Genuine,,-18,0
40100376,Dell Inspiron T24T laptop ,,0,0
40618015,iPhone 4S Battery,,1,0
40714628,Beats Solo 3 Wireless,,-1,0
40769827,Maestro,,-2,0
40856376,Samsung U Flex,,-2,0
40862973,EU to US Plug,,-2,0
40985327,Samsung Tab 3  inch,,-1,0
41146370,Apple Ipad Air 2,,-1,0
41470366,Reiko iPhone 6 Cases,,-4,0
41476891,A1238 BATTERY,,0,0
41624798,iPhone 6s Home Button,,-29,0
41780846,Galaxy S7 LCD,,-7,0
41803399,Apple IPOD TOUCH 4 4TH GEN LCD,,0,0
42205264,"Mac pro 15 A1398 Display""",,-1,0
42247596,LG G Pad F 8.0 V495 V496 LCD,,1,0
42298796,iphone 8 red housing back glass,,0,0
42355924,iPhone 6 Plus Battery,,-23,0
42627124,iphone 8 64 GB unlocked refurbished GSM/CDMA ,,-14,0
42669827,One plus 5T LCD,,-1,0
42730820,Sandisk Flash Drive 64GB,,-4,0
42790797,Galaxy S4 Battery,,3,0
42798656,1M Cable IP7 OEM,,-31,0
42854637,LG K7 LCD,,-1,0
42857637,RESET,,-540692060,0
43175915,A21s 64GB,,-7,0
43184955,iphone 6 plus 16GB Refurbished,,0,0
43388550,Revvl Plus (t-mobile),,-1,0
43396433,Galaxy J6,,0,0
43635049,iPad mini 1/2 Digitizer,,-21,0
43662222,Phone Battery,,-2,0
43869018,OtterBox - Commuter Case for Samsung Galaxy Note 9 - Black,,0,0
43970264,Google - Home Mini (1st Generation),,1,0
44156223,Alcatel 1SE,,-1,0
4444,Ps4 controller,,-1,0
44443773,J320 LCD,,-1,0
44524453,Samsung Gear Icon X 2018 SM-R140 Wireless Bluetooth Headset Black IconX 2018,,0,0
44644192,INLAND IK100 KEYBOARD,,10,0
44659460,iPhone 7 Plus Front camera Flex Cable,,-36,0
44818217,iPhone AUX Jack,,-10,0
44851415,LG K4,,-1,0
44922798,Logitech® MK270 Wireless Keyboard and Mouse Combo,,2,0
44925342,TCL A1 with simple $25 plan,,-2,0
44933917,LG Aristo LCD,,-46,0
45040022,Ipad 7th Generation,,0,0
45386960,Belkin S5 Micro USB Cable,,-3,0
45627057,Tempered Glass,,-29,0
45629293,Ipad Air 2 128 GB WIFI,,1,0
45656647,Estimation,,-1E+11,0
45676980,Galaxy S10 128gb,,-1,0
45775547,Jabra Talk 2,,-1,0
46056828,Logitech MK360,,-1,0
46118979,Tablet,,-1,0
46390428,iPhone 7 128GB ,,0,0
46435774,Samsun J727 Battery,,2,0
46457782,sandisk 64gb sd card,,-2,0
46561551,HS03 HP BATTERY (GENERIC),,-1,0
46563878,Car Mount Bonus Pack,,-1,0
46737287,Galaxy A10,,-3,0
46781109,Iphone 6 plus home button connection flex cable,,3,0
46827483,Keyboard usb,,-4,0
46853975,Galaxy A21s,,1,0
47031781,Galaxy S6 Battery,,-3,0
47131853,ZTE blade t2 With $25 SMPL PLAN,,-3,0
47151088,Sandisk 8GB micro SD card,,-2,0
47259068,SAMSUNG MICROUSB CABLE,,-1,0
47357788,Car Adapter,,-1,0
47751457,OtterBox - Commuter Case for Samsung Galaxy S10 - Bespoke Way,,2,0
47767939,HP 14-AN012NR Laptop Motherboard AMD E2-7110 1.8 GHz 858047-601,,1,0
47774253,16GB SINGLE RAM UPGRADE,,0,0
48457153,Otterbox - Symmetry Case for Apple iPhone Xs / X - Black,,0,0
48560758,OtterBox - Symmetry Case for Samsung Galaxy Note 9 - Gradient Energy,,1,0
48634673,Iphone 8 64 GB new,,-1,0
48647143,Logitech WebCam,,-1,0
48860794,"mophie - Powerstation Mini Power Bank 5,000 mAh - Gray",,0,0
48913422,SAMSUNG RC512 BATTERY,,-1,0
48961090,iPhone 6s 64GB Refurbished,Space Gray,-10,0
48961090,iPhone 6s 64GB Refurbished,Silver,-1,0
48961090,iPhone 6s 64GB Refurbished,Gold,1,0
48961090,iPhone 6s 64GB Refurbished,Rose Gold,0,0
49019101,data recovery,,-4,0
49101524,LG Aristo 2 plus lcd,,1,0
49157379,Generic Laptop Charger,,-23,0
49159117,iphone 6 home button flex cable,,3,0
49393918,INLAND AIR DUSTER,,2,0
49418763,Generic Cases,,-1E+11,0
49444942,Haier Car Charger IP4,,-1,0
49499007,Transcend 256GB SD Card,,-1,0
49652355,LG stylo 4 LCD,,-2,0
49671951,Dell Latitude Laptop E6430,,-1,0
49721672,Motorola Pulse Escape,,-5,0
50045387,Alcatel MYFLIP With $30 SMPL Plan,,0,0
50055216,Samsung S6 Edge Charging Port,,-1,0
50309256,iphone 6 charging port ,,-2,0
50336367,Charging Port Repair,,-1,0
50788664,Galaxy A12 64GB,,-8,0
50869586,PS 4 Controller,,-13,0
50994575,Samsung Gear S3 Fontier,,1,0
51010194,D-Link Wireless Router (AC750),,-2,0
51117244,Samsung Car Adapter,,-11,0
51200992,"15-15.6"" Inch Soft Laptop Sleeve Case""",,-1,0
51378830,Simple Mobile 75$,,-1,0
51461504,Samsung Galaxy s10 plus 128 GB,,-6,0
51548764,LG K92,,-1,0
51906904,iPhone 6s Plus 64 GB Refurbished,Space Gray,-1,0
51906904,iPhone 6s Plus 64 GB Refurbished,Gold,1,0
51982711,Transcend SD Cards 32GB,,-1,0
51996695,Power bank 6,,2,0
52053938,iphone 6s 32 GB ,,7,0
52361530,Iphone 6 Battery Case,,-2,0
52961041,Amazon fire HD 8 16GB,,-3,0
53062421,Microsoft WMM 1850 Wireless Mouse,,-2,0
53065594,Galaxy S10e,,-1,0
53128374,SanDisk SD Cards 32GB,,-12,0
53143652,power up 8000,,1,0
53342163,OtterBox - Symmetry Clear Case for Samsung Galaxy S10 - Gradient Energy,,1,0
53536199,Sandisk 8GB ,,-1,0
53838314,Sandisk 128GB Flash Drive,,-3,0
53873186,iPhone 4 Battery,,1,0
53979192,Aduro 10k powerbank,,-1,0
541541541,HP 15-AF 15-AF131DX charging port,,1,0
54175382,Otterbox - Commuter Case for Apple iPhone XR - Bespoke Way,,0,0
54691789,Griffin 20100 mAh portable charger,,7,0
54736006,Hypergear portable charger 20000,,-7,0
54836012,Samsung Galaxy J2,,0,0
54905199,Otterbox - Symmetry Clear Case for Apple iPhone Xs / X - Gradient Energy,,1,0
54907272,SIM Cards,,-6,0
54914476,ipad air 2 charging port,,-1,0
55130085,Amazon Fire 7 (New),,-20,0
55508512,samsung c-type cable,,-2,0
55511832,Coolpad,,-1,0
55515301,Note 4 LCD,,-1,0
55521405,Dell Latitude E6430U Laptop,,1,0
55818566,"LG K30 X410TK T-Mobile, K30 LMX410UM LCD",,-4,0
56581808,BR50 BATTERY,,-2,0
56591563,Samsung Galaxy J6 plus 32GB,,1,0
56753198,iPhone 7 Plus Battery,,-24,0
56773706,8 GB laptop RAM,,-1,0
56858716,iPhone 6S Battery,,-2508668,0
56893414,iPhone 6 Battery,,-86,0
56942517,Amazon fire TV stick,,-24,0
57235423,iPhone XR rear camera glass,,-1,0
57368000,"Galaxy Tab E 8 (New)""",,-1,0
57380934,Verizon flip phone,,-1,0
57751396,Muvit Car Charger IP4,,-3,0
57993197,Otterbox - Commuter Case for Apple iPhone XR - Black,,2,0
58012478,platronics voyager edge,,2,0
58265364,Motorola XT1924-7 Lcd,,-3,0
58414361,iPhone 7 Plus 32GB Refurbuished,,-5,0
58490024,Samsung Fast Charger Cable,,31,0
58592761,LG Optimus Zone 2 (VER) - with $40 plan,,2,0
58613337,Otterbox - Symmetry Case for Apple iPhone Xs Max - On Fleck,,1,0
58858917,OtterBox - Symmetry Case for Samsung Galaxy S10 - Black,,1,0
58878002,Galaxy Note 9 128 GB,,0,0
58894456,Otterbox - Symmetry Case for Apple iPhone Xs / X - Tonic Violet,,1,0
59022516,Spigen - Tough Armor Case for Apple AirPods Pro - Black,,2,0
59211326,Samsung Galaxy J3 Luna Pro,,-1229,0
59237698,Otterbox - Commuter Case for Apple iPhone Xs / X - Ocean Way,,1,0
59317536,Galaxy A30,,-3,0
59340748,Woozik Wireless Speaker,,-3,0
59379326,iphone se 64GB unlocked refurbished,,1,0
59430494,iPhone XR 128GB,,-3,0
59578090,PS4 Refurbished,,-1,0
59634101,Power Cord,,-1,0
59814987,Galaxy A31,,-1,0
59911903,Generic  Charging Port,,-17,0
60131176,LG L53BL lcd,,-1,0
60201160,Iphone XR 256GB,,-1,0
60259429,Xbox One Controller,,2,0
60321878,Galaxy J320p LCD,,1,0
60341264,Transcend 8GB SD Card,,-5,0
60455261,Samsung Level U ProANC,,2,0
60512055,Iphone XR 64GB NEW,,-20,0
60587981,Otterbox - Commuter Case for Apple iPhone Xs Max - Ballet Way,,1,0
60601423,Galaxy s8 plus,,-1,0
60603441,Special Order,,-558338670,0
60850636,Swift bluetooth earphones sport fit,,-2,0
60866728,iPhone X Housing,,-1,0
60868311,LG LCD,,-8,0
60923328,Toshiba HDD 500GB,,-1,0
60938232,complete housing,,-1,0
60967072,nem power bank,,-8,0
61059101,T-Mobile SIM Card,,-2,0
61218672,galaxy note 8 lcd,,-6,0
61370396,AT&T Calypso,,-1,0
6.15822E+11,Elite 25e In Ear Bluetooth Headphones - Black,,1,0
6.15822E+11,Elite 45e In Ear Bluetooth Headphones - Black,,2,0
6.15822E+11,Talk 5 Mono In Ear Bluetooth Headset - Black,,8,0
62061686,Dell Latitude Laptop,,-1,0
62169522,BLU Vivo 5 Mini,,2,0
62272846,Skullcandy Headphones ,,-1,0
62290780,Xiaomi Redmi Note 7,,0,0
62329898,SIMPLE mobile $50 plan,,-2,0
62421195,Samsung Galaxy S10 128 GB Refurbished,,-2,0
62561111,iphone 7 plus flash light,,-1,0
62822653,iPhone 5s Charging Port,,-3,0
63128835,Samsung Buds,,-2,0
63262871,iPhone 6S Plus 128GB (Refurbished),,-1,0
63452590,iPhone 6 Front Camera Flex Cable,,-12,0
63503562,Acellories Cable IP,,-6,0
63542290,Samsung Galaxy M10,,1,0
6.36984E+11,Super Stereo BASS earphone,,-2,0
63719311,Otterbox - Commuter Case for Apple iPhone Xs Max - Black,,1,0
64139450,Belkin Lightning Cable IP,,-21,0
64215397,1M 30 pin IP OEM,,34,0
64323772,Generic Cable,,-16,0
64335143,Samsung Note 9 LCD,Black,-13,0
64335143,Samsung Note 9 LCD,Blue,1,0
64507622,Lg Stylo 4 back ,,0,0
64507647,Otterbox - Commuter Case for Apple iPhone XR - Ballet Way,,0,0
64578532,Moto E 5 Play ,,0,0
64617441,ZTE Blade Z,,11,0
64931170,Amazon Echo DOT,,1,0
65193125,Aux 6FT Cable,,-1,0
65267814,BLU M8L Tablet,,-1,0
65433217,General Laptop Repair,,-504,0
65496428,Galaxy S8 Plus Battery,,3,0
65740314,RAM Upgrade,,-2,0
65772718,Galaxy A6 LCD,,0,0
65911605,INLAND IC100 KEYBOARD AND MOUSE COMBO SET,,4,0
66277775,Galaxy A02 ,,-3,0
66397094,Belkin Micro USB Charger,,-5,0
66733886,Motorola Verve Loop,,-1,0
66768819,AC Adapter for HP Pavilion Laptop,,-2,0
66820077,Surface pro 7,,-1,0
66878218,Samsung Level U,,-1,0
66973507,"8"" Verizon Ellipsis 8 QTAQZ3 LCD",,1,0
67083852,Privecy Screen Protector,,-12,0
67157305,SanDisk iXpand Drive 32GB,,-1,0
67233336,Reiko Case for Samsung S8,,-1,0
67337508,JBL - Live 200 In Ear Bluetooth Headphones - Black,,1,0
67349579,Belkin USB C Cable,,-28,0
67360542,iPhone 6S Plus 32GB (Refurbished),,1,0
67953747,OtterBox - Commuter Case for Apple iPhone 8 Plus / 7 Plus - Indigo Way,,0,0
68220207,LG Phoenix 5,,2,0
68354918,iPhone X Battery,,-4,0
68392462,Full glue samsung tempered glass,,24,0
68471723,iPhone 11 Pro Max,,-2,0
6.85387E+11,3.5mm Aux Cable 3ft - Black,,1,0
6.85387E+11,Reserve Power Bank 5200 mAh - Black,,1,0
6.85387E+11,Reserve Power Bank 9000 mAh - Black,,0,0
68585803,20800 power bank,,1,0
68602097,Samsung J700 Battery,,5,0
68857861, XS MAX charging Case,,-1,0
6.89935E+11,Celebrat Metal Bass earphone G2,,-1,0
69078944,elite e55max ,,-1,0
69169703,iphone 7 plus rear camera,,-3,0
69341649,LG Stylo 4,,0,0
69439328,Generic Charging Cable,,-37,0
6.95215E+11,"iWALK - LinkMe Plus Power Bank 3,300 for Micro USB Devices - Black",,5,0
6.95215E+11,"LinkMe Plus Power Bank 3,300 for Apple Lightning Devices - Black",Black,2,0
6.95215E+11,"LinkMe Plus Power Bank 3,300 for Apple Lightning Devices - Black",White,0,0
6.95215E+11,"LinkMe Plus Power Bank 3,300 for Apple Lightning Devices - White",,2,0
6.95215E+11,iWALK - Car Charger Dual Port 4.8A Universal - White,,1,0
69680493,iPhone 8 Battery,,-2,0
69876157,OtterBox - Symmetry Case for Samsung Galaxy S10 Plus - Black,,1,0
69884004,LG V30 VS996 V30 64GB,,0,0
69971760,IPAD AIR 2 LCD A1566 ,,-6,0
70285218,Motorola Verve buds 110,,-1,0
70325260,iPhone 6S Plus Charging Port,,-11,0
70630558,Galaxy A11,,-3,0
70848394,LG Fortune 2 (CRK),,2,0
70856056,Apple Air pods accessory kit,,1,0
70909823,OtterBox - Commuter Case for Samsung Galaxy Note 9 - Bespoke Way,,2,0
71087529,PS power cord,,-1,0
71358140,Airpod 3rd Gen ,,-1,0
71391402,Sandisk SD Card 16GB,,-11,0
71718075,Hard Drive,,-2,0
71907164,JBL - T Series T205BT In Ear Bluetooth Headphones - Blac,,5,0
71928998,Galaxy A20,,-1,0
7.22869E+11,Mixit 3.5mm Aux Cable 3ft - Blue,,0,0
7.22869E+11,Mixit 3.5mm Aux Cable 3ft - Black,,2,0
7.22869E+11,Mixit 3.5mm Aux Cable 3ft - White,,4,0
72290468,Sandisk Flash Drive 16GB,,-12,0
72399704,Samsung Galaxy Amp Prime SM-J320AZ - 16GB,,0,0
72549951,Otterbox - Symmetry Case for Apple iPhone Xs Max - Wood You Rather,,0,0
72602371,Charging Port,,-1,0
72740764a,Samsung J7 Prime 2017 LCD,,-1,0
72740901,iPhone X 64GB New,,-1,0
73315334,xs 64 GB Refurbished,,-2,0
73714755,iPhone Charging Cable and Block Combo,,-12,0
73917937,Samsung J1 Battery,,0,0
73965679,Iphone AirPod,,2,0
7.40614E+11,YOOKIE earphone YK730,,-1,0
74197175,Nintendo Switch,,0,0
74312754,i12 TWS AirPod OEM,,-3,0
74474984,"galaxy tab e 8.0""",,-2,0
74492561,Galaxy M31,,0,0
7.45884E+11,Type A to Type C 3.0 Adapter - Black,,4,0
7.45884E+11,Belkin- Mixit USB C cable -6ft,,3,0
7.45884E+11,Belikn USB A to USB C 4ft,,3,0
7.45884E+11,Belikn lighting to USB C 4ft ,,2,0
7.45884E+11,Belkin Duel port 30W wall charger,,1,0
7.45884E+11,Belikin Boost up charge USB A to USB C - 10ft,,5,0
7.45884E+11,Belikin Boost up charge USB C to Lighting - 3ft,,5,0
7.45884E+11,Belkin Power Bank 10K usb C,,3,0
7.45884E+11,Belkin 10k,,3,0
74646506,iMac 2015 27 inch,,-1,0
74899404,iPhone 5 Battery,,-3,0
75000656,MACBOOK AIR,,-1,0
75667170,iPhone 7 Charging Port,,-15,0
75722557,Galaxy S3 Battery,,2,0
75744513,Mophie Power Bank 20800Amh,,-1,0
7575,LG Tone pro ,,-1,0
75909287,OtterBox - Commuter Case for Samsung Galaxy S10 Plus - Black,,1,0
76146483,iPhone 6 Plus Front camera Flex Cable,,-3,0
76186745,Iphone 6 charging case,,-3,0
76234762,Charge Mini 2 Plus,,-1,0
76236236,Power Bank,,-6,0
76512342,Powerbeats Pro Red,,-1,0
76809973,Galaxy j7 2016 lcd,,-1,0
77156767,Samsung Camera Lens Replace,,-1,0
77305701,Macbook Charger,,-25,0
77552516,Beats pill 2.0 7.4V Battery,,1,0
77624075,LG stylo 5,,3,0
7.8142E+11,"Slim Boost Power Bank for Apple Lightning Devices 1,300 mAh - Black",,3,0
78199100,DELL Latitude E7440 ,,-1,0
78269032,Others (Adjustment),,0,0
78277266,Amazon Fire 7 Kids Edition (16GB),,2,0
78425194,iphone x 256 GB ,,-3,0
78531984,Galaxy S8 LCD,,-17,0
78565417,Ipad charging port,,-6,0
78571956,Advance 4 phone,,1,0
78580927,JBL Inspire 500,,-5,0
78600652,BLACKBERRY CLASSIC SD CARD TRAY,,-1,0
78603398,OtterBox - EXO EDGE Case for Apple Watch 40mm - Black,,2,0
78730741,Samsung Galaxy J4+ 32GB,,3,0
78789574,OtterBox - Symmetry Clear Case for Samsung Galaxy S10 - Love Triangle,,1,0
78967558,Water Damage Fix,,-1E+11,0
79074289,Reiko iPhone X Cases,,-3,0
79157336,Galaxy A02s,,-5,0
79190918,Samsung Galaxy Tab 4 Battery,,1,0
79514444,lycamobile $21 bill,,-1,0
79553146,Transcend 8GB Flash drive,,-10,0
79843046,Nintendo Switch 4310mAh Internal Battery HAC-003,,0,0
79995265,Samsung S6 Edge Back door glass,,-1,0
8.00769E+11,Type A to Type C Cable 4ft - Black,,2,0
8.00769E+11,Braided Type A to Type C Cable 10ft - Black,,2,0
8.00769E+11,"Power Bank 10,000 mAh - Black",,2,0
80401077,Huawei Honor 8X ,,2,0
80532472,"Lenovo 14"" ThinkPad E460 Laptop ",,1,0
80652516,Samsung S8 Fast Charger,,-2,0
80750074,Sandisk 32GB Flash Drive,,0,0
80997992,OtterBox - Commuter Case for Samsung Galaxy S10 Plus - Ballet Way,,1,0
8.11433E+11,Car Mount Kit,,1,0
81151857,HP Elitebook 745 G2,,-1,0
81176797,Surcharge fee,,-1,0
81327347,iphone 6 32 GB,,-2,0
81428479,Samsung J3 Prime LCD,,-1,0
81883099,iPhone 8 Plus 64GB New,,2,0
81945740,Tab Affix,,0,0
8.19771E+11,VORTEX,,1,0
8.19771E+11,STARK,,1,0
82383763,a 02,,-8,0
82610231,iPhone 6s Plus Front cam flex cable,,-3,0
82667353,BLU Grand M,,-2,0
82717987,Jam Thril bluetooth speaker,,-1,0
82743620,Samsung S9 back camera glass,,2,0
82910127,Transcend 64GB micro SD card,,-2,0
83097275,ipad mini 4 lcd+digitizer,,-2,0
83206759,Galaxy Note 5 Battery,,2,0
83454114,Reiko Stereo Headphones,,-16,0
83487163,Blacklist Remove (not carrier unlock),,-17,0
83492333,LG G6,,0,0
83514066,"Universal Tab 8 case""",,-1,0
83593748,Blu Studio G3,,0,0
83708665,Lenovo Laptop Charger,,-1,0
83848350,OtterBox - Symmetry Case for Samsung Galaxy S10 Plus - Tonic Violet,,1,0
83856160,Braven Balance B.Tooth Speaker,,-1,0
83929810,Motorola Moto E5 Play XT1921-5 XT1921-2 LCD,,-4,0
83957869,Otterbox - Symmetry Case for Apple iPhone Xs Max - Tonic Viole,,0,0
8.40056E+11,"Mophie - PowerBoost XL power bank 20,800 mAh - black",,2,0
8.40056E+11,"Mophie - PowerBoost XL power bank 10,400 mAh - black",,15,0
8.40056E+11,Mophie - Type A to type C cable 10ft - Black,,2,0
8.40056E+11,Mophie - Type A to Apple lighting cable 10ft - Black,,1,0
8.40056E+11,Mophie Wireless Charger 15W,,-1,0
8.40104E+11,OtterBox - Defender Case for Apple iPhone 12 mini - Black,,1,0
8.40104E+11,OtterBox - Defender Case for Apple iPhone 12 mini - Varsity Blues,,1,0
8.40104E+11,OtterBox - Defender Case for Apple iPhone 12 mini - Berry Potion,,1,0
8.40104E+11,OtterBox - Defender Case for Apple iPhone 12 mini - Teal Me About It,,1,0
8.40104E+11,OtterBox - Commuter Antimicrobial Case for Apple iPhone 12 mini - Black,,1,0
8.40104E+11,OtterBox - Commuter Antimicrobial Case for Apple iPhone 12 mini - Ballet Way,,1,0
8.40104E+11,OtterBox - Otter Pop Symmetry Case with PopSockets Swappable PopGrip for Apple iPhone 12 mini - Black,,1,0
8.40104E+11,OtterBox - Otter Pop Symmetry Case with PopSockets Swappable PopGrip for Apple iPhone 12 mini - White Marble,,1,0
8.40104E+11,OtterBox - Otter Pop Symmetry Case with PopSockets Swappable PopGrip for Apple iPhone 12 mini - Violet Dusk,,1,0
8.40104E+11,OtterBox - Defender Case for Apple iPhone 12 / 12 Pro - Black,,1,0
8.40104E+11,OtterBox - Defender Case for Apple iPhone 12 / 12 Pro - Varsity Blues,,1,0
8.40104E+11,OtterBox - Defender Case for Apple iPhone 12 / 12 Pro - Teal Me About It,,1,0
8.40104E+11,OtterBox - Commuter Antimicrobial Case for Apple iPhone 12 / 12 Pro - Black,,1,0
8.40104E+11,OtterBox - Commuter Antimicrobial Case for Apple iPhone 12 / 12 Pro - Ballet Way,,1,0
8.40104E+11,OtterBox - Otter Pop Symmetry Case with PopSockets Swappable PopGrip for Apple iPhone 12 / 12 Pro -  Black,,0,0
8.40104E+11,OtterBox - Otter Pop Symmetry Case with PopSockets Swappable PopGrip for Apple iPhone 12 / 12 Pro -  White Marble,,1,0
8.40104E+11,OtterBox - Otter Pop Symmetry Case with PopSockets Swappable PopGrip for Apple iPhone 12 / 12 Pro -  Violet Dusk,,1,0
8.40104E+11,OtterBox - Defender Case for Apple iPhone 12 Pro Max - Black,,1,0
8.40104E+11,OtterBox - Defender Case for Apple iPhone 12 Pro Max - Varsity Blues,,0,0
8.40104E+11,OtterBox - Defender Case for Apple iPhone 12 Pro Max - Berry Potion,,1,0
8.40104E+11,OtterBox - Defender Case for Apple iPhone 12 Pro Max - Teal Me About It,,0,0
8.40104E+11,OtterBox - Commuter Antimicrobial Case for Apple iPhone 12 Pro Max - Black,,1,0
8.40104E+11,OtterBox - Commuter Antimicrobial Case for Apple iPhone 12 Pro Max - Ballet Way,,1,0
8.40104E+11,OtterBox - Otter Pop Symmetry Case with PopSockets Swappable PopGrip for Apple iPhone 12 Pro Max - Black,,1,0
8.40104E+11,OtterBox - Otter Pop Symmetry Case with PopSockets Swappable PopGrip for Apple iPhone 12 Pro Max - White Marble,,1,0
8.40104E+11,OtterBox - Otter Pop Symmetry Case with PopSockets Swappable PopGrip for Apple iPhone 12 Pro Max - Violet Dusk,,1,0
8.40104E+11,OtterBox - Defender Case for Apple iPhone 12 mini - Realtree Edge Black,,1,0
8.40104E+11,OtterBox - Commuter Antimicrobial Case for Apple iPhone 12 mini - Ocean Way,,1,0
8.40104E+11,OtterBox - Otter Pop Symmetry Case with PopSockets Swappable PopGrip for Apple iPhone 12 mini - Daydreamer,,1,0
8.40104E+11,OtterBox - Otter Pop Symmetry Case with PopSockets Swappable PopGrip for Apple iPhone 12 mini - Clea,,1,0
8.40104E+11,OtterBox - Defender Case for Apple iPhone 12 / 12 Pro - Realtree Edge Black,,1,0
8.40104E+11,OtterBox - Commuter Antimicrobial Case for Apple iPhone 12 / 12 Pro - Ocean Way,,1,0
8.40104E+11,OtterBox - Otter Pop Symmetry Case with PopSockets Swappable PopGrip for Apple iPhone 12 / 12 Pro -  Daydreame,,1,0
8.40104E+11,OtterBox - Otter Pop Symmetry Case with PopSockets Swappable PopGrip for Apple iPhone 12 / 12 Pro -  Clear,,0,0
8.40104E+11,OtterBox - Defender Case for Apple iPhone 12 Pro Max - Realtree Edge Black,,1,0
8.40104E+11,OtterBox - Otter Pop Symmetry Case with PopSockets Swappable PopGrip for Apple iPhone 12 Pro Max - Daydreamer,,1,0
8.40104E+11,OtterBox - Otter Pop Symmetry Case with PopSockets Swappable PopGrip for Apple iPhone 12 Pro Max - Clear,,1,0
8.40104E+11,OtterBox - Otter Pop Symmetry Case with PopSockets Swappable PopGrip for Apple iPhone 12 mini - Stardus,,1,0
8.40104E+11,OtterBox - Otter Pop Symmetry Case with PopSockets Swappable PopGrip for Apple iPhone 12 / 12 Pro -  Stardust,,1,0
8.40104E+11, OtterBox - Otter Pop Symmetry Case with PopSockets Swappable PopGrip for Apple iPhone 12 Pro Max - Stardust,,1,0
8.40472E+11,"Powerboost Mini Power Bank 2,600 mAh - White",,1,0
8.40472E+11,"Powerboost Power Bank 5,200 mAh - Black",,1,0
8.40472E+11,Powerboost Power Bank 5200 mAh - White,,1,0
84170807,Galaxy s5 lcd,,-1,0
84377788,LCD for LG,,-1,0
84489527,iPhone xr rear camera ,,-1,0
8.45126E+11,BTST07 bluetooth headset,,-3,0
8.45126E+11,Everyday active sport earphone,,-1,0
8.45126E+11,Extra Bass stereo headset,,-1,0
8.45126E+11,Super Bass stereo Headset,,-1,0
8.45126E+11,Sport Earphone IBUD07,,-1,0
8.45126E+11,Super Bass HQ earphone,,-2,0
8.45126E+11,Instyle wireless earphone,,-1,0
8.46127E+11,Karet Rosegold,,1,0
8.46127E+11,Karat Petals Case for Apple iPhone XS Max - Ditsy Flowers,,2,0
8.46127E+11,Sheet Crystal,,1,0
8.46127E+11,Tough Clear Bumper Case for Apple Watch 42mm / 44mm - Clear,,-1,0
8.46127E+11,Hook Ups Leather Case with Neck Strap for Apple Airpods - Blush,,-1,0
8.46127E+11,Hook Ups Leather Case with Neck Strap for Apple Airpods - Clear,,-1,0
8.46127E+11,Hook Ups Leather Case with Neck Strap for Apple Airpods - Black,,0,0
8.46127E+11,Hook Ups Leather Case with Neck Strap for Apple Airpods - Living Coral,,0,0
8.46127E+11,Hook Ups Leather Case with Neck Strap for Apple Airpods - Black,Black,-1,0
8.46127E+11,Hook Ups Leather Case with Neck Strap for Apple Airpods - Tobacco Brown,,0,0
8.46127E+11,Twinkle Case for Apple iPhone 11 Pro - Stardust,,-1,0
8.46127E+11,Waterfall Case for Apple iPhone 11 Pro - Gold,,0,0
8.46127E+11, Twinkle Case for Apple iPhone 11 Pro Max - Stardust,,-1,0
8.46127E+11,Waterfall Case for Apple iPhone 11 Pro - Iridescent,,1,0
8.46127E+11,Waterfall Case for Apple iPhone 11 - Iridescent,,0,0
8.46127E+11,Waterfall Case for Apple iPhone 11 Pro Max - Iridescent,,1,0
8.46127E+11,Case-Mate - Wallet Folio Case with MicroPel for Apple iPhone 12 mini - Black,,1,0
8.46127E+11,Case-Mate - Twinkle Case with MicroPel for Apple iPhone 12 mini - Gold,,0,0
8.46127E+11,Case-Mate - Twinkle Case with MicroPel for Apple iPhone 12 mini - Ombre Stardust,,1,0
8.46127E+11,Case-Mate - Twinkle Case with MicroPel for Apple iPhone 12 / 12 Pro -  Ombre Confetti,,0,0
8.46127E+11,Case-Mate - Twinkle Case with MicroPel for Apple iPhone 12 mini - Ombre Black,,0,0
8.46127E+11,Case-Mate - Twinkle Case with MicroPel for Apple iPhone 12 mini - Confetti,,0,0
84695814,Otterbox - Commuter Case for Apple iPhone Xs / X - Bespoke Way,,2,0
8.48467E+11,iFrogz-plugz in ear wired headphone- blue,,15,0
8.48467E+11,Plugz In-ear Wired Headphone - Red,,4,0
8.48467E+11,Plugz In Ear Wired Headphones - Silver,,20,0
8.48467E+11,Flex Force In Ear Bluetooth Headphones - White,,0,0
8.48467E+11,Toxix Over Ear Bluetooth Headphones - Black,,0,0
8.48467E+11,Toxix Over Ear Bluetooth Headphones - White,,2,0
8.48467E+11,Toxix Over Ear Bluetooth Headphones - Red,,4,0
8.48467E+11,Airtime True Wireless In Ear Bluetooth Earbuds - Blue,,1,0
8.48467E+11,iFrogz- Airtime pro true wireless earbads (black),,2,0
8.48467E+11,iFrogz- Airtime pro true wireless earbads (White),,0,0
8.48467E+11,iFrogz- Airtime pro true wireless earbads (blue),,1,0
84878570,SONY Fashion Earbuds,,-3,0
84907159,36W Microsoft Surface Pro 4 charger,,2,0
84964498,Alcatel LINKZONE 4G LTE Hotspot (TMO),,-1,0
85049285,Note 3 LCD,,0,0
85054278,iPhone XS 64 GB,,-2,0
85094315,11 PRO QUBE,,3,0
85180859,Galaxy J3 luna pro (Total wireless $50 plan),,0,0
85275175,Universal Phone Battery Charger,,-1,0
85422119,iPhone 6s 16GB Refurbished,,-1,0
85472179,A20 LCD,,-14,0
85599749,Otterbox - Symmetry Case for Apple iPhone Xs / X - Fine Por,,0,0
85984714,Samsung A5 Battery,,1,0
86010194,OtterBox - Symmetry Case for Samsung Galaxy S10 - Ivy Meadow,,1,0
86279836,zte blade z with $25 smpl mobile plan,,-1,0
86306948,Pop Socket Try me,,-19,0
8.67643E+12,iPhone 6 LCD Black,,2,0
86871323,PS4 Pro,,-1,0
86899309,Simplemobile Hotspot,,-1,0
86977971,"Apple iPad 5th Gen. 32GB, Wi-Fi + Cellular (Unlocked)",,0,0
87140518,ASUS ZenPad Z8S ZT582KL P00J LCD,,1,0
87297241,LG Stylo 2 plus LCD,,1,0
87405590,Samsung C-type travel adapter,,-3,0
87807678,iPad Adapter,,27,0
8.78615E+11,Skullcandy - Inkd 2.0 Micd In Ear Wired Headphones - Black,,4,0
8.78615E+11,Skullcandy - Inkd 2.0 Micd In Ear Wired Headphones - Black and Red,,5,0
8.78615E+11,Skullcandy - Inkd 2.0 Micd In Ear Wired Headphones - Blue and Black,,5,0
8.78615E+11,SkullCandy Inkd with Mic & Remote,,-8,0
8.78615E+11,Skullcandy - Inkd 2.0 Micd In Ear Wired Headphones - Grey and Mint,,5,0
8.78615E+11,Method Wireless In Ear Bluetooth Headphones - Navy,,0,0
8.78615E+11,Inkd 2.0 Bluetooth Headphone - Black and Red,,-1,0
8.78615E+11,Skullcandy - Inkd 2.0 Micd In Ear Wired Headphones - Grey,,5,0
8.78615E+11,Jib In Ear Wired Headphones - White and Black,,1,0
8.78615E+11,Jib In Ear Wired Headphones - Black,,12,0
8.78615E+11,Riff Wireless On Ear Bluetooth Headphones - Black,,0,0
8.78615E+11,Skullcandy - Jib In Ear Wireless Headphones - Black,,15,0
87946080,Samsung Galaxy Tab A 10.1 T580 Black 16GB-With Samsung Evo Plus 32GB Sd Card ,,-1,0
8.80947E+12,Essential Wireless Charging Pad 10W - Black,,1,0
8.80947E+12,Teka Strap for Apple Airpods - White,,3,0
8.80957E+12,Essential Wireless Charging Pad 10W - White,,4,0
8.80957E+12,Slim Armour,,1,0
88203453,Galaxy Buds,,3,0
88319406,BLU Studio J2,,0,0
88419396,iPhone xs 256 GB Gold Refurbished,,0,0
88459124,Samsung Note 9 (A Stock),,1,0
88630480,Gigastone 32 GB Flashdrive,,1,0
88640525,iPhone 11 64 GB unlocked,,-7,0
8.87276E+11,Samsung Level Active,,-9,0
88728848,iphone 6 64GB Refurbished,Space Gray,0,0
88728848,iphone 6 64GB Refurbished,Gold,1,0
88728848,iphone 6 64GB Refurbished,Silver,0,0
88761189,Iphone 8 Plus 64GB Refurbished Unlocked,Space Grey,1,0
88761189,Iphone 8 Plus 64GB Refurbished Unlocked,Product Red,-12,0
8.88463E+11,Power Beats 3 Wireless,,-1,0
88873919,Lenovo Thinkpad T460 Intel Core i5-6200,,1,0
88887479,Amazone Fire 8,,-1,0
8.89467E+11,Spigen-Essential Wireless charging pad 10w- Black,,4,0
88971374,Microsoft Surface Earbuds,,-1,0
88973072,Galaxy Note 9 64GB,,-1,0
88999085,Otterbox - Symmetry Case for Apple iPhone Xs / X - Ivy Meadow,,1,0
89048985,iMac (Refurbished) ,,-13,0
89302469,solar powerbank 10000,,3,0
89806867,TCL A1 Phone with $25 SMPL plan,,-3,0
89974821,Zte z982 lcd,,-4,0
90184128,Zte z232 SMPL mobile $25 PLAN,,1,0
90258653,Tenda Wireless N USB Adapter,,5,0
90376117,iphone 7 battery Case,,-1,0
90534636,Iphone xs 64 GB Refurbished,,-9,0
90642061,Galaxy Note 8 Battery,,1,0
90668756,Kindle Fire 7 (8GB),,-3,0
90679202,Galaxy S4 LCD ,,-2,0
91303934,"Lenovo - IdeaPad S145 15.6"" Laptop - AMD A6-Series",,-1,0
91406733,EMTEC 64GB SD card,,-4,0
91652500,Samsung J5 Battery,,6,0
91661254,OtterBox - Commuter Case for Apple iPhone 8 / 7 -  Black,,-1,0
91696738,Apple Earpods OEM IP6,,-2,0
91823390,Samsung Galaxy A9,,-1,0
91863104,Galaxy A51,,-1,0
91912792,Galaxy Note 4 Battery,,-2,0
92006459,ipop bluetooth headphone,,6,0
92076794,16 GB RAM,,1,0
92083291,A03 Core,,-1,0
92359739,NOKIA 3V,,-1,0
92566316,Motorola E6 + SMPL $30 plan,,-1,0
92719074,Alcatel 871A,,-1,0
92802376,Samsung Galaxy J6+ 32GB,,-1,0
92958435,Ipad Air 2 Battery,,0,0
92998728,Spigen - Rugged Armor Case for Apple AirPods Pro - Black,,2,0
93119726,Power wireless Headphones,,-6,0
93152937,Galaxy A01,,-6,0
93632586,Samsung Galaxy M21s,,-1,0
93778143,Skullcandy - Sesh True Wireless In Ear Earbuds - Black,,2,0
93851569,Samsung S7 Back door glass,,-1,0
93923578,iPhone 5C Battery,,0,0
94009642,HDMI Cable,,12,0
94266296,JBL - Charge 4 Waterproof Bluetooth Speaker - Gray,,1,0
94478438,Samsung J3 LCD,,-16,0
94630296,iPhone 4 LCD ,Black,-1,0
94873721,iPhone 7 Battery,,-26,0
94965822,Samsung Galaxy S9 plus LCD,,-6,0
95031989,PS5 Hdmi Port,,-2,0
95060362,Galaxy A50,,0,0
95733537,Hard Drive for Computer 1TB,,-3,0
95829700,Hypergear portable charger 10050 mAh,,-16,0
95856311,Zte Z981 LCD,,-5,0
96222005,iPhone 8 Charging Port Replacement,,-9,0
96326331,Samsung Active User Bundle,,-1,0
96336027,Amazon Fire HD 8 (New),,-3,0
963996100,11 pro max,,-2,0
96490722,JBL  DUETARC ,,-2,0
96517325,ZenPad Z8S ZT582KL P00J,,-1,0
96627502,OtterBox - Symmetry Case for Samsung Galaxy S10 - Tonic Violet,,1,0
96692411,3.5mm Aux Cable Male-Male,,-4,0
96707334,iPad 4th Gen,,-1,0
96958823,Samsung Watch Active 2,,-1,0
97060276,Iphone Chanell case,,6,0
97125878,galaxy tab e 9.6,,0,0
97252408,LG LCD (LGMS210),,-6,0
97373512,Apple watch charger,,-2,0
97465264,INLAND HDD Enclosure 2.0,,7,0
97472596,Samsung evo 128 GB SD card,,-2,0
97674514,Sandisk 128GB SD Card,,-7,0
97701278,A1446 HEADPHONE JACK - A1446 HEADPHONE JACK,,-3,0
97965064,LG Battery,,-5,0
97974641,Samsung Note 5 LCD ,Blue Saphire,1,0
97974641,Samsung Note 5 LCD ,Blck,-2,0
98435565,Galaxy A10s,,-5,0
98622111,Samsung S9 LCD,,-7,0
98644055,Phone ring,,-7,0
98929338,OtterBox - Commuter Case for Apple iPhone 8 / 7 -  Indigo Way,,1,0
99098715,Samsung J3 Battery,,2,0
99169856,Otterbox - Commuter Case for Apple iPhone Xs Max - Bespoke Way,,1,0
99185473,Smasung J2 core,,1,0
99402731,JBL - Charge 4 Waterproof Bluetooth Speaker - Black,,1,0
99448670,"Samsung Laptop 14"" NP-QX410-J01US Core i5 480M @2.67GHz 4GB RAM Win 10 +Warranty Samsung Laptop 14"" NP-QX410-J01US Core i5 480M @2.67GHz 4GB RAM Win 10 ",,-1,0
99594869,Logitech® M325 Wireless Optical Mouse,,0,0
99608415,Otterbox - Commuter Case for Apple iPhone Xs Max - Ballet Wa,,0,0
99695705,HP Elite book Core i5,,1,0
99738962,Ipad Air 1,,0,0
99825767,Galaxy j7 sky pro,,0,0
99837770,Motorola one Hyper,,0,0
9.99612E+12,iPhone 5C LCD Black,,2,0
99999999,Miscellaneous ,,-3,0
B188253471006,iPhone 6S+ LCD Black,,-4,0
B238602913088,iPhone 11 LCD,,-1,0
B258062724851,iPhone 7+ LCD White,,-2,0
B282019180142,iPhone XR LCD,,-99,0
B350457601249,iPhone 7 LCD White,,-1,0
B381632312304,iPhone 6S LCD White,,-3,0
B447710396101,iPhone 6S LCD Black,,-2,0
B592448108312,iPhone 8 LCD White,,-10,0
B644544666839,iPhone 8+ LCD White,,-10,0
B805121113856,iPhone 8+ LCD Black,,-12,0
B850155224402,iPhone 11 Pro Max LCD,,-26,0
B851989375220,iPhone 5 LCD Black,,2,0
B907648276123,iPhone 5 LCD White,,2,0
C111279293325,iPhone 5S/SE LCD Black,,1,0
C135211019275,iPhone 6 LCD White,,1,0
C155908460973,iPhone 5S/SE LCD White,,0,0
C226359160070,iPhone 11 Pro LCD,,-16,0
C280038736779,iPhone 6S+ LCD White,,-4,0
C371427495486,iPhone 7 LCD Black,,-11,0
C394001382928,iPhone X LCD,,-45,0
C690667652578,iPhone 7+ LCD Black,,-10,0
C723184219675,iPhone 8 LCD Black,,-176,0
C913600972177,iPhone 6+ LCD White,,3,0
C933614004760,iPhone XS Max LCD,,-17,0
C972718459683,iPhone XS LCD,,-3,0
C990336507881,iPhone 6+ LCD Black,,2,0
J260T1 LCD,J260T1 LCD,,-1,0
Laptop Battery,Laptop Battery,,-5,0
PS4,PS4 - 1TB NEW,,-4,0
PS4 HDMI,PS4 HDMI,,-25,0
REDO,REDO,,-27,0
Toshiba Charger,Toshiba Charger,,-1,0